source_x,source_y,dest_x,dest_y,straight_distance,shortest_path_length,source_degree,dest_degree,global_avg_congestion,global_max_congestion,global_congestion_std,total_vehicles,path_avg_congestion,path_max_congestion,path_congestion_variance,hour,day_of_week,is_rush_hour,is_weekend,is_holiday,scenario_normal,scenario_morning,scenario_evening,scenario_weekend,scenario_special,time_early_morning,time_morning_rush,time_midday,time_evening_rush,time_night,weather_clear,weather_rain,weather_fog,weather_snow,astar_time,optimal_path_time,congestion_aware_time,best_algorithm,best_time,sample_id
-0.1054466,51.5184715,-0.090008,51.519813,0.015496773606464223,163,2,4,2.522729978663861,5.0,0.967976913388668,0,2.4769133343005003,4.793148448671019,0.8293721638491118,14,2,0,0,0,1,0,0,0,0,0,0,0,1,0,1,0,0,0,385.75974223494296,561.199718709376,385.75974223494296,astar_time,385.75974223494296,Normal_0_0_0
-0.0758517,51.5116527,-0.1045317,51.5114654,0.028680611591979707,203,4,3,2.522729978663861,5.0,0.967976913388668,0,2.459839657065654,4.890663048215719,1.0095444928998123,14,2,0,0,0,1,0,0,0,0,0,0,0,1,0,1,0,0,0,549.2148158047221,524.0698321512286,549.2148158047221,optimal_path_time,524.0698321512286,Normal_0_0_1
-0.090008,51.519813,-0.0923326,51.5139395,0.006316784578406833,96,4,2,2.522729978663861,5.0,0.967976913388668,0,2.5634698351408245,5.0,0.834157205586762,14,2,0,0,0,1,0,0,0,0,0,0,0,1,0,1,0,0,0,201.0628241825533,181.20356057982605,201.0628241825533,optimal_path_time,181.20356057982605,Normal_0_0_2
-0.1054466,51.5184715,-0.0968739,51.5168482,0.00872503800450149,147,2,2,2.522729978663861,5.0,0.967976913388668,0,2.4313145729512247,4.793148448671019,0.8736178811213993,14,2,0,0,0,1,0,0,0,0,0,0,0,1,0,1,0,0,0,255.6013131924515,257.9700391612809,255.6013131924515,astar_time,255.6013131924515,Normal_0_0_3
-0.1054466,51.5184715,-0.090008,51.519813,0.015496773606464223,163,2,4,2.5435543416703927,5.0,0.959275858789706,0,2.6536131986727387,4.8613639808275515,1.0033232217020172,14,2,0,0,0,1,0,0,0,0,0,0,0,1,0,1,0,0,0,418.37057586830554,561.199718709376,418.37057586830554,astar_time,418.37057586830554,Normal_0_1_0
-0.0758517,51.5116527,-0.1045317,51.5114654,0.028680611591979707,203,4,3,2.5435543416703927,5.0,0.959275858789706,0,2.5446210422698745,4.47573577883028,0.9046380876294822,14,2,0,0,0,1,0,0,0,0,0,0,0,1,0,1,0,0,0,492.35319427813613,524.0698321512286,492.35319427813613,astar_time,492.35319427813613,Normal_0_1_1
-0.090008,51.519813,-0.0923326,51.5139395,0.006316784578406833,96,4,2,2.5435543416703927,5.0,0.959275858789706,0,2.738107347407797,4.850323032402993,0.863579658044096,14,2,0,0,0,1,0,0,0,0,0,0,0,1,0,1,0,0,0,217.4303313151353,181.20356057982605,217.4303313151353,optimal_path_time,181.20356057982605,Normal_0_1_2
-0.1054466,51.5184715,-0.0968739,51.5168482,0.00872503800450149,147,2,2,2.5435543416703927,5.0,0.959275858789706,0,2.5785721189005057,4.8613639808275515,1.0476034524279774,14,2,0,0,0,1,0,0,0,0,0,0,0,1,0,1,0,0,0,282.3765711356693,257.9700391612809,282.3765711356693,optimal_path_time,257.9700391612809,Normal_0_1_3
-0.1054466,51.5184715,-0.090008,51.519813,0.015496773606464223,163,2,4,2.7278635326233864,8.879679064328258,1.0901584064967909,25,3.3585491282525988,6.165991822521045,1.7275739095977802,14,2,0,0,0,1,0,0,0,0,0,0,0,1,0,1,0,0,0,499.49427896737154,561.199718709376,499.49427896737154,astar_time,499.49427896737154,Normal_25_0_0
-0.0758517,51.5116527,-0.1045317,51.5114654,0.028680611591979707,203,4,3,2.7278635326233864,8.879679064328258,1.0901584064967909,25,2.6738502411965115,5.516459498868283,0.9223062666023982,14,2,0,0,0,1,0,0,0,0,0,0,0,1,0,1,0,0,0,594.8020765317,524.0698321512286,594.8020765317,optimal_path_time,524.0698321512286,Normal_25_0_1
-0.090008,51.519813,-0.0923326,51.5139395,0.006316784578406833,96,4,2,2.7278635326233864,8.879679064328258,1.0901584064967909,25,3.792567077950072,8.040725953362351,2.3904159282345865,14,2,0,0,0,1,0,0,0,0,0,0,0,1,0,1,0,0,0,347.92811561772,181.20356057982605,347.92811561772,optimal_path_time,181.20356057982605,Normal_25_0_2
-0.1054466,51.5184715,-0.0968739,51.5168482,0.00872503800450149,147,2,2,2.7278635326233864,8.879679064328258,1.0901584064967909,25,3.736583657229976,6.184246445262846,1.7833153411073088,14,2,0,0,0,1,0,0,0,0,0,0,0,1,0,1,0,0,0,401.5353240416818,257.9700391612809,401.5353240416818,optimal_path_time,257.9700391612809,Normal_25_0_3
-0.1054466,51.5184715,-0.090008,51.519813,0.015496773606464223,163,2,4,2.731539610601259,9.946222857091977,1.1346340347955333,25,3.7310678315033243,8.988277912806376,2.979435366138165,14,2,0,0,0,1,0,0,0,0,0,0,0,1,0,1,0,0,0,593.3223731332736,561.199718709376,593.3223731332736,optimal_path_time,561.199718709376,Normal_25_1_0
-0.0758517,51.5116527,-0.1045317,51.5114654,0.028680611591979707,203,4,3,2.731539610601259,9.946222857091977,1.1346340347955333,25,2.772359685589412,5.30392302623921,1.0444610144425905,14,2,0,0,0,1,0,0,0,0,0,0,0,1,0,1,0,0,0,554.0986419610102,524.0698321512286,554.0986419610102,optimal_path_time,524.0698321512286,Normal_25_1_1
-0.090008,51.519813,-0.0923326,51.5139395,0.006316784578406833,96,4,2,2.731539610601259,9.946222857091977,1.1346340347955333,25,3.2454179078394527,6.2053581475798625,1.4084161233323775,14,2,0,0,0,1,0,0,0,0,0,0,0,1,0,1,0,0,0,284.839234901334,181.20356057982605,284.839234901334,optimal_path_time,181.20356057982605,Normal_25_1_2
-0.1054466,51.5184715,-0.0968739,51.5168482,0.00872503800450149,147,2,2,2.731539610601259,9.946222857091977,1.1346340347955333,25,3.966791716745952,8.988277912806376,2.9494484382047075,14,2,0,0,0,1,0,0,0,0,0,0,0,1,0,1,0,0,0,478.7675759960139,257.9700391612809,478.7675759960139,optimal_path_time,257.9700391612809,Normal_25_1_3
-0.1054466,51.5184715,-0.090008,51.519813,0.015496773606464223,163,2,4,3.038821111977495,10.0,1.5781535506305917,50,5.918707881684189,10.0,8.3996481645371,14,2,0,0,0,1,0,0,0,0,0,0,0,1,0,1,0,0,0,645.1680097990387,561.199718709376,645.1680097990387,optimal_path_time,561.199718709376,Normal_50_0_0
-0.0758517,51.5116527,-0.1045317,51.5114654,0.028680611591979707,203,4,3,3.038821111977495,10.0,1.5781535506305917,50,3.2674279711684466,10.0,3.6632058652712765,14,2,0,0,0,1,0,0,0,0,0,0,0,1,0,1,0,0,0,710.5800882318129,524.0698321512286,710.5800882318129,optimal_path_time,524.0698321512286,Normal_50_0_1
-0.090008,51.519813,-0.0923326,51.5139395,0.006316784578406833,96,4,2,3.038821111977495,10.0,1.5781535506305917,50,3.151936013890968,7.1501511050099795,2.04445383724877,14,2,0,0,0,1,0,0,0,0,0,0,0,1,0,1,0,0,0,271.17837328934036,181.20356057982605,271.17837328934036,optimal_path_time,181.20356057982605,Normal_50_0_2
-0.1054466,51.5184715,-0.0968739,51.5168482,0.00872503800450149,147,2,2,3.038821111977495,10.0,1.5781535506305917,50,6.506524665596421,10.0,6.954288741557797,14,2,0,0,0,1,0,0,0,0,0,0,0,1,0,1,0,0,0,636.0453915269213,257.9700391612809,636.0453915269213,optimal_path_time,257.9700391612809,Normal_50_0_3
-0.1054466,51.5184715,-0.090008,51.519813,0.015496773606464223,163,2,4,3.0212046738772,10.0,1.5776421440545494,50,4.914373927369467,10.0,5.374799031754492,14,2,0,0,0,1,0,0,0,0,0,0,0,1,0,1,0,0,0,710.2599918579161,561.199718709376,710.2599918579161,optimal_path_time,561.199718709376,Normal_50_1_0
-0.0758517,51.5116527,-0.1045317,51.5114654,0.028680611591979707,203,4,3,3.0212046738772,10.0,1.5776421440545494,50,3.1193578099023624,7.3022300495345185,1.781878404643715,14,2,0,0,0,1,0,0,0,0,0,0,0,1,0,1,0,0,0,737.8406602326754,524.0698321512286,737.8406602326754,optimal_path_time,524.0698321512286,Normal_50_1_1
-0.090008,51.519813,-0.0923326,51.5139395,0.006316784578406833,96,4,2,3.0212046738772,10.0,1.5776421440545494,50,4.029949467342822,10.0,4.01270345366595,14,2,0,0,0,1,0,0,0,0,0,0,0,1,0,1,0,0,0,383.04585158143175,181.20356057982605,383.04585158143175,optimal_path_time,181.20356057982605,Normal_50_1_2
-0.1054466,51.5184715,-0.0968739,51.5168482,0.00872503800450149,147,2,2,3.0212046738772,10.0,1.5776421440545494,50,5.661849746249803,10.0,4.78755627629678,14,2,0,0,0,1,0,0,0,0,0,0,0,1,0,1,0,0,0,650.6614491237151,257.9700391612809,650.6614491237151,optimal_path_time,257.9700391612809,Normal_50_1_3
-0.1054466,51.5184715,-0.090008,51.519813,0.015496773606464223,163,2,4,3.563347235227346,10.0,2.173976731842481,100,6.970452669421761,10.0,10.44991097918091,14,2,0,0,0,1,0,0,0,0,0,0,0,1,0,1,0,0,0,1042.7109544319485,561.199718709376,1042.7109544319485,optimal_path_time,561.199718709376,Normal_100_0_0
-0.0758517,51.5116527,-0.1045317,51.5114654,0.028680611591979707,203,4,3,3.563347235227346,10.0,2.173976731842481,100,3.8489921129181526,9.81367573582817,3.327293614112257,14,2,0,0,0,1,0,0,0,0,0,0,0,1,0,1,0,0,0,832.5324618786171,524.0698321512286,832.5324618786171,optimal_path_time,524.0698321512286,Normal_100_0_1
-0.090008,51.519813,-0.0923326,51.5139395,0.006316784578406833,96,4,2,3.563347235227346,10.0,2.173976731842481,100,5.4220543609122815,10.0,5.9974615283136625,14,2,0,0,0,1,0,0,0,0,0,0,0,1,0,1,0,0,0,602.8487381381121,181.20356057982605,602.8487381381121,optimal_path_time,181.20356057982605,Normal_100_0_2
-0.1054466,51.5184715,-0.0968739,51.5168482,0.00872503800450149,147,2,2,3.563347235227346,10.0,2.173976731842481,100,8.093141358030108,10.0,6.4251130235179135,14,2,0,0,0,1,0,0,0,0,0,0,0,1,0,1,0,0,0,1027.43436844635,257.9700391612809,1027.43436844635,optimal_path_time,257.9700391612809,Normal_100_0_3
-0.1054466,51.5184715,-0.090008,51.519813,0.015496773606464223,163,2,4,3.495068008756829,10.0,2.149339894120646,100,7.455311463218146,10.0,10.541736851273557,14,2,0,0,0,1,0,0,0,0,0,0,0,1,0,1,0,0,0,1243.017567234535,561.199718709376,1243.017567234535,optimal_path_time,561.199718709376,Normal_100_1_0
-0.0758517,51.5116527,-0.1045317,51.5114654,0.028680611591979707,203,4,3,3.495068008756829,10.0,2.149339894120646,100,3.6833366752616286,9.891955654393207,3.619129551765011,14,2,0,0,0,1,0,0,0,0,0,0,0,1,0,1,0,0,0,859.3300308108277,524.0698321512286,859.3300308108277,optimal_path_time,524.0698321512286,Normal_100_1_1
-0.090008,51.519813,-0.0923326,51.5139395,0.006316784578406833,96,4,2,3.495068008756829,10.0,2.149339894120646,100,5.013356451287691,10.0,5.740652875494483,14,2,0,0,0,1,0,0,0,0,0,0,0,1,0,1,0,0,0,551.6717561313993,181.20356057982605,551.6717561313993,optimal_path_time,181.20356057982605,Normal_100_1_2
-0.1054466,51.5184715,-0.0968739,51.5168482,0.00872503800450149,147,2,2,3.495068008756829,10.0,2.149339894120646,100,8.828097781556378,10.0,4.258907240601971,14,2,0,0,0,1,0,0,0,0,0,0,0,1,0,1,0,0,0,959.533644457186,257.9700391612809,959.533644457186,optimal_path_time,257.9700391612809,Normal_100_1_3
-0.1054466,51.5184715,-0.090008,51.519813,0.015496773606464223,163,2,4,3.9951269848564404,10.0,2.7005176973934075,150,7.454556619780023,10.0,10.268291272889412,14,2,0,0,0,1,0,0,0,0,0,0,0,1,0,1,0,0,0,1433.0018418910117,561.199718709376,1433.0018418910117,optimal_path_time,561.199718709376,Normal_150_0_0
-0.0758517,51.5116527,-0.1045317,51.5114654,0.028680611591979707,203,4,3,3.9951269848564404,10.0,2.7005176973934075,150,3.9853053169905626,10.0,5.782479122501791,14,2,0,0,0,1,0,0,0,0,0,0,0,1,0,1,0,0,0,1016.616377727477,524.0698321512286,1016.616377727477,optimal_path_time,524.0698321512286,Normal_150_0_1
-0.090008,51.519813,-0.0923326,51.5139395,0.006316784578406833,96,4,2,3.9951269848564404,10.0,2.7005176973934075,150,5.6296724204517625,10.0,7.510585427160587,14,2,0,0,0,1,0,0,0,0,0,0,0,1,0,1,0,0,0,659.8489921943262,181.20356057982605,659.8489921943262,optimal_path_time,181.20356057982605,Normal_150_0_2
-0.1054466,51.5184715,-0.0968739,51.5168482,0.00872503800450149,147,2,2,3.9951269848564404,10.0,2.7005176973934075,150,9.172944385536832,10.0,3.850116334970403,14,2,0,0,0,1,0,0,0,0,0,0,0,1,0,1,0,0,0,1425.5622445775152,257.9700391612809,1425.5622445775152,optimal_path_time,257.9700391612809,Normal_150_0_3
-0.1054466,51.5184715,-0.090008,51.519813,0.015496773606464223,163,2,4,3.9905036851524236,10.0,2.684503182144554,150,7.598145696437125,10.0,10.165615636245532,14,2,0,0,0,1,0,0,0,0,0,0,0,1,0,1,0,0,0,1459.374733294318,561.199718709376,1459.374733294318,optimal_path_time,561.199718709376,Normal_150_1_0
-0.0758517,51.5116527,-0.1045317,51.5114654,0.028680611591979707,203,4,3,3.9905036851524236,10.0,2.684503182144554,150,4.65579690838493,10.0,8.953277300935945,14,2,0,0,0,1,0,0,0,0,0,0,0,1,0,1,0,0,0,1065.6540616788168,524.0698321512286,1065.6540616788168,optimal_path_time,524.0698321512286,Normal_150_1_1
-0.090008,51.519813,-0.0923326,51.5139395,0.006316784578406833,96,4,2,3.9905036851524236,10.0,2.684503182144554,150,6.061453300808348,10.0,9.916429989657205,14,2,0,0,0,1,0,0,0,0,0,0,0,1,0,1,0,0,0,823.9652992898509,181.20356057982605,823.9652992898509,optimal_path_time,181.20356057982605,Normal_150_1_2
-0.1054466,51.5184715,-0.0968739,51.5168482,0.00872503800450149,147,2,2,3.9905036851524236,10.0,2.684503182144554,150,9.468331247860052,10.0,2.172556120386284,14,2,0,0,0,1,0,0,0,0,0,0,0,1,0,1,0,0,0,1467.4103798781405,257.9700391612809,1467.4103798781405,optimal_path_time,257.9700391612809,Normal_150_1_3
-0.1054466,51.5184715,-0.090008,51.519813,0.015496773606464223,163,2,4,4.316340110831692,10.0,2.98345476850349,200,7.80806652837584,10.0,11.654642893059265,14,2,0,0,0,1,0,0,0,0,0,0,0,1,0,1,0,0,0,1514.2546485559217,561.199718709376,1514.2546485559217,optimal_path_time,561.199718709376,Normal_200_0_0
-0.0758517,51.5116527,-0.1045317,51.5114654,0.028680611591979707,203,4,3,4.316340110831692,10.0,2.98345476850349,200,4.650001195197701,10.0,8.66839645410526,14,2,0,0,0,1,0,0,0,0,0,0,0,1,0,1,0,0,0,1076.785827591384,524.0698321512286,1076.785827591384,optimal_path_time,524.0698321512286,Normal_200_0_1
-0.090008,51.519813,-0.0923326,51.5139395,0.006316784578406833,96,4,2,4.316340110831692,10.0,2.98345476850349,200,7.243311963400751,10.0,6.635141738141727,14,2,0,0,0,1,0,0,0,0,0,0,0,1,0,1,0,0,0,966.0598103136184,181.20356057982605,966.0598103136184,optimal_path_time,181.20356057982605,Normal_200_0_2
-0.1054466,51.5184715,-0.0968739,51.5168482,0.00872503800450149,147,2,2,4.316340110831692,10.0,2.98345476850349,200,9.829181228281481,10.0,0.9416323468065108,14,2,0,0,0,1,0,0,0,0,0,0,0,1,0,1,0,0,0,1523.5431307025274,257.9700391612809,1523.5431307025274,optimal_path_time,257.9700391612809,Normal_200_0_3
-0.1054466,51.5184715,-0.090008,51.519813,0.015496773606464223,163,2,4,4.224392262601693,10.0,2.854164030758473,200,8.045215334286338,10.0,8.967329684439086,14,2,0,0,0,1,0,0,0,0,0,0,0,1,0,1,0,0,0,1633.907223421702,561.199718709376,1633.907223421702,optimal_path_time,561.199718709376,Normal_200_1_0
-0.0758517,51.5116527,-0.1045317,51.5114654,0.028680611591979707,203,4,3,4.224392262601693,10.0,2.854164030758473,200,4.563653657452846,10.0,8.919746492416989,14,2,0,0,0,1,0,0,0,0,0,0,0,1,0,1,0,0,0,1112.0204070585232,524.0698321512286,1112.0204070585232,optimal_path_time,524.0698321512286,Normal_200_1_1
-0.090008,51.519813,-0.0923326,51.5139395,0.006316784578406833,96,4,2,4.224392262601693,10.0,2.854164030758473,200,6.13840048542464,10.0,7.479861882663465,14,2,0,0,0,1,0,0,0,0,0,0,0,1,0,1,0,0,0,787.9155231979362,181.20356057982605,787.9155231979362,optimal_path_time,181.20356057982605,Normal_200_1_2
-0.1054466,51.5184715,-0.0968739,51.5168482,0.00872503800450149,147,2,2,4.224392262601693,10.0,2.854164030758473,200,9.466314329555678,10.0,2.245387737483757,14,2,0,0,0,1,0,0,0,0,0,0,0,1,0,1,0,0,0,1281.4970888191294,257.9700391612809,1281.4970888191294,optimal_path_time,257.9700391612809,Normal_200_1_3
-0.1054466,51.5184715,-0.090008,51.519813,0.015496773606464223,163,2,4,4.541881248314937,10.0,3.089881625493172,300,8.320302005175364,10.0,8.516245644084595,14,2,0,0,0,1,0,0,0,0,0,0,0,1,0,1,0,0,0,1758.3425170934495,561.199718709376,1758.3425170934495,optimal_path_time,561.199718709376,Normal_300_0_0
-0.0758517,51.5116527,-0.1045317,51.5114654,0.028680611591979707,203,4,3,4.541881248314937,10.0,3.089881625493172,300,4.935065701970191,10.0,9.514271603400394,14,2,0,0,0,1,0,0,0,0,0,0,0,1,0,1,0,0,0,1362.1426531922664,524.0698321512286,1362.1426531922664,optimal_path_time,524.0698321512286,Normal_300_0_1
-0.090008,51.519813,-0.0923326,51.5139395,0.006316784578406833,96,4,2,4.541881248314937,10.0,3.089881625493172,300,7.720306487661684,10.0,7.606834344622808,14,2,0,0,0,1,0,0,0,0,0,0,0,1,0,1,0,0,0,1190.7427402813616,181.20356057982605,1190.7427402813616,optimal_path_time,181.20356057982605,Normal_300_0_2
-0.1054466,51.5184715,-0.0968739,51.5168482,0.00872503800450149,147,2,2,4.541881248314937,10.0,3.089881625493172,300,10.0,10.0,0.0,14,2,0,0,0,1,0,0,0,0,0,0,0,1,0,1,0,0,0,1602.8189262627018,257.9700391612809,1602.8189262627018,optimal_path_time,257.9700391612809,Normal_300_0_3
-0.1054466,51.5184715,-0.090008,51.519813,0.015496773606464223,163,2,4,4.609139105130401,10.0,3.1278664418528077,300,8.113540882291536,10.0,9.261954604396829,14,2,0,0,0,1,0,0,0,0,0,0,0,1,0,1,0,0,0,1663.1234148316134,561.199718709376,1663.1234148316134,optimal_path_time,561.199718709376,Normal_300_1_0
-0.0758517,51.5116527,-0.1045317,51.5114654,0.028680611591979707,203,4,3,4.609139105130401,10.0,3.1278664418528077,300,4.869995479828571,10.0,9.698212567866632,14,2,0,0,0,1,0,0,0,0,0,0,0,1,0,1,0,0,0,1375.7959121935742,524.0698321512286,1375.7959121935742,optimal_path_time,524.0698321512286,Normal_300_1_1
-0.090008,51.519813,-0.0923326,51.5139395,0.006316784578406833,96,4,2,4.609139105130401,10.0,3.1278664418528077,300,8.084123057804804,10.0,6.020009016168246,14,2,0,0,0,1,0,0,0,0,0,0,0,1,0,1,0,0,0,1208.7298160509627,181.20356057982605,1208.7298160509627,optimal_path_time,181.20356057982605,Normal_300_1_2
-0.1054466,51.5184715,-0.0968739,51.5168482,0.00872503800450149,147,2,2,4.609139105130401,10.0,3.1278664418528077,300,9.983544862965049,10.0,0.03926187255165078,14,2,0,0,0,1,0,0,0,0,0,0,0,1,0,1,0,0,0,1592.9481597846557,257.9700391612809,1592.9481597846557,optimal_path_time,257.9700391612809,Normal_300_1_3
-0.1054466,51.5184715,-0.090008,51.519813,0.015496773606464223,163,2,4,2.7450738572951843,5.0,0.8801138938913338,0,2.69865118023917,4.500063490893684,0.7178957664821763,14,2,0,0,0,0,1,0,0,0,0,0,0,1,0,1,0,0,0,416.58296206846404,561.199718709376,416.58296206846404,astar_time,416.58296206846404,Morning_0_0_0
-0.0758517,51.5116527,-0.1045317,51.5114654,0.028680611591979707,203,4,3,2.7450738572951843,5.0,0.8801138938913338,0,2.855377571693099,5.0,0.824767551974308,14,2,0,0,0,0,1,0,0,0,0,0,0,1,0,1,0,0,0,569.5330039467535,524.0698321512286,569.5330039467535,optimal_path_time,524.0698321512286,Morning_0_0_1
-0.090008,51.519813,-0.0923326,51.5139395,0.006316784578406833,96,4,2,2.7450738572951843,5.0,0.8801138938913338,0,2.772540463274258,4.6807654487758,0.6928409109744923,14,2,0,0,0,0,1,0,0,0,0,0,0,1,0,1,0,0,0,222.26626954486278,181.20356057982605,222.26626954486278,optimal_path_time,181.20356057982605,Morning_0_0_2
-0.1054466,51.5184715,-0.0968739,51.5168482,0.00872503800450149,147,2,2,2.7450738572951843,5.0,0.8801138938913338,0,2.7715953677661433,4.500063490893684,0.607714993584711,14,2,0,0,0,0,1,0,0,0,0,0,0,1,0,1,0,0,0,303.3852419708978,257.9700391612809,303.3852419708978,optimal_path_time,257.9700391612809,Morning_0_0_3
-0.1054466,51.5184715,-0.090008,51.519813,0.015496773606464223,163,2,4,2.754017719212191,5.0,0.861834663484857,0,2.815738527386756,5.0,0.8117447102327727,14,2,0,0,0,0,1,0,0,0,0,0,0,1,0,1,0,0,0,421.49453519176274,561.199718709376,421.49453519176274,astar_time,421.49453519176274,Morning_0_1_0
-0.0758517,51.5116527,-0.1045317,51.5114654,0.028680611591979707,203,4,3,2.754017719212191,5.0,0.861834663484857,0,2.836537882250298,4.786137930913117,0.7434129106790931,14,2,0,0,0,0,1,0,0,0,0,0,0,1,0,1,0,0,0,548.0711280031886,524.0698321512286,548.0711280031886,optimal_path_time,524.0698321512286,Morning_0_1_1
-0.090008,51.519813,-0.0923326,51.5139395,0.006316784578406833,96,4,2,2.754017719212191,5.0,0.861834663484857,0,2.635276674401602,4.416825116101217,0.8051303872566872,14,2,0,0,0,0,1,0,0,0,0,0,0,1,0,1,0,0,0,218.96427077099506,181.20356057982605,218.96427077099506,optimal_path_time,181.20356057982605,Morning_0_1_2
-0.1054466,51.5184715,-0.0968739,51.5168482,0.00872503800450149,147,2,2,2.754017719212191,5.0,0.861834663484857,0,2.789134781536979,5.0,0.7739054663721989,14,2,0,0,0,0,1,0,0,0,0,0,0,1,0,1,0,0,0,301.8521348882963,257.9700391612809,301.8521348882963,optimal_path_time,257.9700391612809,Morning_0_1_3
-0.1054466,51.5184715,-0.090008,51.519813,0.015496773606464223,163,2,4,2.7022220635792222,7.925500662464634,1.0592398480222909,25,3.522131630500014,6.299191247457648,1.9918485315998458,14,2,0,0,0,0,1,0,0,0,0,0,0,1,0,1,0,0,0,557.5532458680484,561.199718709376,557.5532458680484,astar_time,557.5532458680484,Morning_25_0_0
-0.0758517,51.5116527,-0.1045317,51.5114654,0.028680611591979707,203,4,3,2.7022220635792222,7.925500662464634,1.0592398480222909,25,2.6538228234779604,5.214120120356265,0.8853914885037084,14,2,0,0,0,0,1,0,0,0,0,0,0,1,0,1,0,0,0,634.7570000212238,524.0698321512286,634.7570000212238,optimal_path_time,524.0698321512286,Morning_25_0_1
-0.090008,51.519813,-0.0923326,51.5139395,0.006316784578406833,96,4,2,2.7022220635792222,7.925500662464634,1.0592398480222909,25,2.799143126565069,5.514200726340873,1.2110283414952807,14,2,0,0,0,0,1,0,0,0,0,0,0,1,0,1,0,0,0,231.68081120565608,181.20356057982605,231.68081120565608,optimal_path_time,181.20356057982605,Morning_25_0_2
-0.1054466,51.5184715,-0.0968739,51.5168482,0.00872503800450149,147,2,2,2.7022220635792222,7.925500662464634,1.0592398480222909,25,3.563579278101645,6.299191247457648,1.9132146313385476,14,2,0,0,0,0,1,0,0,0,0,0,0,1,0,1,0,0,0,410.9454184374957,257.9700391612809,410.9454184374957,optimal_path_time,257.9700391612809,Morning_25_0_3
-0.1054466,51.5184715,-0.090008,51.519813,0.015496773606464223,163,2,4,2.7194528720091915,8.947850734152334,1.083082115084933,25,3.4771700970625505,6.980935146935132,2.4399490592851985,14,2,0,0,0,0,1,0,0,0,0,0,0,1,0,1,0,0,0,545.0361904600197,561.199718709376,545.0361904600197,astar_time,545.0361904600197,Morning_25_1_0
-0.0758517,51.5116527,-0.1045317,51.5114654,0.028680611591979707,203,4,3,2.7194528720091915,8.947850734152334,1.083082115084933,25,2.759443203694574,4.864284679213277,0.9439621743468495,14,2,0,0,0,0,1,0,0,0,0,0,0,1,0,1,0,0,0,609.9836430522536,524.0698321512286,609.9836430522536,optimal_path_time,524.0698321512286,Morning_25_1_1
-0.090008,51.519813,-0.0923326,51.5139395,0.006316784578406833,96,4,2,2.7194528720091915,8.947850734152334,1.083082115084933,25,3.4585123825841135,6.64057301975473,1.6432905825814217,14,2,0,0,0,0,1,0,0,0,0,0,0,1,0,1,0,0,0,302.74871781618947,181.20356057982605,302.74871781618947,optimal_path_time,181.20356057982605,Morning_25_1_2
-0.1054466,51.5184715,-0.0968739,51.5168482,0.00872503800450149,147,2,2,2.7194528720091915,8.947850734152334,1.083082115084933,25,3.780800853906421,6.980935146935132,2.5301932085054863,14,2,0,0,0,0,1,0,0,0,0,0,0,1,0,1,0,0,0,454.72930307665376,257.9700391612809,454.72930307665376,optimal_path_time,257.9700391612809,Morning_25_1_3
-0.1054466,51.5184715,-0.090008,51.519813,0.015496773606464223,163,2,4,3.0005626459089436,10.0,1.5262544471487127,50,5.302459831432209,10.0,8.63902705851345,14,2,0,0,0,0,1,0,0,0,0,0,0,1,0,1,0,0,0,775.9737499740395,561.199718709376,775.9737499740395,optimal_path_time,561.199718709376,Morning_50_0_0
-0.0758517,51.5116527,-0.1045317,51.5114654,0.028680611591979707,203,4,3,3.0005626459089436,10.0,1.5262544471487127,50,2.938446565443975,6.9972362946791495,1.4717082453089896,14,2,0,0,0,0,1,0,0,0,0,0,0,1,0,1,0,0,0,614.2375042457707,524.0698321512286,614.2375042457707,optimal_path_time,524.0698321512286,Morning_50_0_1
-0.090008,51.519813,-0.0923326,51.5139395,0.006316784578406833,96,4,2,3.0005626459089436,10.0,1.5262544471487127,50,3.2572011154609855,10.0,2.590129213395356,14,2,0,0,0,0,1,0,0,0,0,0,0,1,0,1,0,0,0,285.004680161995,181.20356057982605,285.004680161995,optimal_path_time,181.20356057982605,Morning_50_0_2
-0.1054466,51.5184715,-0.0968739,51.5168482,0.00872503800450149,147,2,2,3.0005626459089436,10.0,1.5262544471487127,50,6.456530227371809,10.0,7.6724639539346295,14,2,0,0,0,0,1,0,0,0,0,0,0,1,0,1,0,0,0,669.5321452786656,257.9700391612809,669.5321452786656,optimal_path_time,257.9700391612809,Morning_50_0_3
-0.1054466,51.5184715,-0.090008,51.519813,0.015496773606464223,163,2,4,3.0036143765189394,10.0,1.5399909467324244,50,4.524908213377777,10.0,4.8585137586906,14,2,0,0,0,0,1,0,0,0,0,0,0,1,0,1,0,0,0,711.1945853913588,561.199718709376,711.1945853913588,optimal_path_time,561.199718709376,Morning_50_1_0
-0.0758517,51.5116527,-0.1045317,51.5114654,0.028680611591979707,203,4,3,3.0036143765189394,10.0,1.5399909467324244,50,2.874260328628263,6.748016634190752,1.3893799247610898,14,2,0,0,0,0,1,0,0,0,0,0,0,1,0,1,0,0,0,609.3838772682478,524.0698321512286,609.3838772682478,optimal_path_time,524.0698321512286,Morning_50_1_1
-0.090008,51.519813,-0.0923326,51.5139395,0.006316784578406833,96,4,2,3.0036143765189394,10.0,1.5399909467324244,50,3.97225523264319,8.918384495725622,2.7724973421444963,14,2,0,0,0,0,1,0,0,0,0,0,0,1,0,1,0,0,0,363.0375066731159,181.20356057982605,363.0375066731159,optimal_path_time,181.20356057982605,Morning_50_1_2
-0.1054466,51.5184715,-0.0968739,51.5168482,0.00872503800450149,147,2,2,3.0036143765189394,10.0,1.5399909467324244,50,5.463197069471971,10.0,4.404349443362369,14,2,0,0,0,0,1,0,0,0,0,0,0,1,0,1,0,0,0,617.0400709266858,257.9700391612809,617.0400709266858,optimal_path_time,257.9700391612809,Morning_50_1_3
-0.1054466,51.5184715,-0.090008,51.519813,0.015496773606464223,163,2,4,3.5193637072845414,10.0,2.1608029081114397,100,5.291246395460925,10.0,7.209040994618169,14,2,0,0,0,0,1,0,0,0,0,0,0,1,0,1,0,0,0,1057.4616624098364,561.199718709376,1057.4616624098364,optimal_path_time,561.199718709376,Morning_100_0_0
-0.0758517,51.5116527,-0.1045317,51.5114654,0.028680611591979707,203,4,3,3.5193637072845414,10.0,2.1608029081114397,100,3.239362850693795,10.0,2.067109917180696,14,2,0,0,0,0,1,0,0,0,0,0,0,1,0,1,0,0,0,878.9780602776175,524.0698321512286,878.9780602776175,optimal_path_time,524.0698321512286,Morning_100_0_1
-0.090008,51.519813,-0.0923326,51.5139395,0.006316784578406833,96,4,2,3.5193637072845414,10.0,2.1608029081114397,100,7.73203750061451,10.0,5.394669569304126,14,2,0,0,0,0,1,0,0,0,0,0,0,1,0,1,0,0,0,700.8849785590234,181.20356057982605,700.8849785590234,optimal_path_time,181.20356057982605,Morning_100_0_2
-0.1054466,51.5184715,-0.0968739,51.5168482,0.00872503800450149,147,2,2,3.5193637072845414,10.0,2.1608029081114397,100,5.916516312654891,10.0,6.1126396826889975,14,2,0,0,0,0,1,0,0,0,0,0,0,1,0,1,0,0,0,898.3382563001147,257.9700391612809,898.3382563001147,optimal_path_time,257.9700391612809,Morning_100_0_3
-0.1054466,51.5184715,-0.090008,51.519813,0.015496773606464223,163,2,4,3.5186118982007053,10.0,2.2075391787604035,100,6.68021428065807,10.0,10.170756338629971,14,2,0,0,0,0,1,0,0,0,0,0,0,1,0,1,0,0,0,1057.6965190547367,561.199718709376,1057.6965190547367,optimal_path_time,561.199718709376,Morning_100_1_0
-0.0758517,51.5116527,-0.1045317,51.5114654,0.028680611591979707,203,4,3,3.5186118982007053,10.0,2.2075391787604035,100,3.0734516032155725,10.0,1.7001395525769933,14,2,0,0,0,0,1,0,0,0,0,0,0,1,0,1,0,0,0,787.1405493534749,524.0698321512286,787.1405493534749,optimal_path_time,524.0698321512286,Morning_100_1_1
-0.090008,51.519813,-0.0923326,51.5139395,0.006316784578406833,96,4,2,3.5186118982007053,10.0,2.2075391787604035,100,4.134894329866329,10.0,4.868646424641326,14,2,0,0,0,0,1,0,0,0,0,0,0,1,0,1,0,0,0,414.1229519544455,181.20356057982605,414.1229519544455,optimal_path_time,181.20356057982605,Morning_100_1_2
-0.1054466,51.5184715,-0.0968739,51.5168482,0.00872503800450149,147,2,2,3.5186118982007053,10.0,2.2075391787604035,100,8.180448412533067,10.0,6.139175222622808,14,2,0,0,0,0,1,0,0,0,0,0,0,1,0,1,0,0,0,972.8784144266662,257.9700391612809,972.8784144266662,optimal_path_time,257.9700391612809,Morning_100_1_3
-0.1054466,51.5184715,-0.090008,51.519813,0.015496773606464223,163,2,4,3.899455114868223,10.0,2.5744895556645853,150,6.880169785947688,10.0,10.197328604549936,14,2,0,0,0,0,1,0,0,0,0,0,0,1,0,1,0,0,0,1145.6225183911397,561.199718709376,1145.6225183911397,optimal_path_time,561.199718709376,Morning_150_0_0
-0.0758517,51.5116527,-0.1045317,51.5114654,0.028680611591979707,203,4,3,3.899455114868223,10.0,2.5744895556645853,150,4.625209072993098,10.0,7.196991262976114,14,2,0,0,0,0,1,0,0,0,0,0,0,1,0,1,0,0,0,1019.6387624374877,524.0698321512286,1019.6387624374877,optimal_path_time,524.0698321512286,Morning_150_0_1
-0.090008,51.519813,-0.0923326,51.5139395,0.006316784578406833,96,4,2,3.899455114868223,10.0,2.5744895556645853,150,6.801275668882522,10.0,9.087274765328146,14,2,0,0,0,0,1,0,0,0,0,0,0,1,0,1,0,0,0,805.5439440290144,181.20356057982605,805.5439440290144,optimal_path_time,181.20356057982605,Morning_150_0_2
-0.1054466,51.5184715,-0.0968739,51.5168482,0.00872503800450149,147,2,2,3.899455114868223,10.0,2.5744895556645853,150,8.421234685225958,10.0,5.547532624083121,14,2,0,0,0,0,1,0,0,0,0,0,0,1,0,1,0,0,0,1076.1017586201444,257.9700391612809,1076.1017586201444,optimal_path_time,257.9700391612809,Morning_150_0_3
-0.1054466,51.5184715,-0.090008,51.519813,0.015496773606464223,163,2,4,3.956866288728137,10.0,2.6353969442211667,150,7.0780861366106995,10.0,11.112575898110592,14,2,0,0,0,0,1,0,0,0,0,0,0,1,0,1,0,0,0,1192.7715461653402,561.199718709376,1192.7715461653402,optimal_path_time,561.199718709376,Morning_150_1_0
-0.0758517,51.5116527,-0.1045317,51.5114654,0.028680611591979707,203,4,3,3.956866288728137,10.0,2.6353969442211667,150,4.519357098336178,10.0,6.376298321524965,14,2,0,0,0,0,1,0,0,0,0,0,0,1,0,1,0,0,0,1144.5988585149416,524.0698321512286,1144.5988585149416,optimal_path_time,524.0698321512286,Morning_150_1_1
-0.090008,51.519813,-0.0923326,51.5139395,0.006316784578406833,96,4,2,3.956866288728137,10.0,2.6353969442211667,150,6.668145684508872,10.0,6.278443750453283,14,2,0,0,0,0,1,0,0,0,0,0,0,1,0,1,0,0,0,814.4016300831262,181.20356057982605,814.4016300831262,optimal_path_time,181.20356057982605,Morning_150_1_2
-0.1054466,51.5184715,-0.0968739,51.5168482,0.00872503800450149,147,2,2,3.956866288728137,10.0,2.6353969442211667,150,8.892885332658587,10.0,4.826875321898525,14,2,0,0,0,0,1,0,0,0,0,0,0,1,0,1,0,0,0,1231.3092906483023,257.9700391612809,1231.3092906483023,optimal_path_time,257.9700391612809,Morning_150_1_3
-0.1054466,51.5184715,-0.090008,51.519813,0.015496773606464223,163,2,4,4.301939904354372,10.0,2.998673622126542,200,7.383922387108169,10.0,10.935918597001795,14,2,0,0,0,0,1,0,0,0,0,0,0,1,0,1,0,0,0,1449.2835007128656,561.199718709376,1449.2835007128656,optimal_path_time,561.199718709376,Morning_200_0_0
-0.0758517,51.5116527,-0.1045317,51.5114654,0.028680611591979707,203,4,3,4.301939904354372,10.0,2.998673622126542,200,4.162085929333982,10.0,7.3580743232984585,14,2,0,0,0,0,1,0,0,0,0,0,0,1,0,1,0,0,0,983.4659299133812,524.0698321512286,983.4659299133812,optimal_path_time,524.0698321512286,Morning_200_0_1
-0.090008,51.519813,-0.0923326,51.5139395,0.006316784578406833,96,4,2,4.301939904354372,10.0,2.998673622126542,200,7.961521234787183,10.0,7.198884524472454,14,2,0,0,0,0,1,0,0,0,0,0,0,1,0,1,0,0,0,1040.3346449403743,181.20356057982605,1040.3346449403743,optimal_path_time,181.20356057982605,Morning_200_0_2
-0.1054466,51.5184715,-0.0968739,51.5168482,0.00872503800450149,147,2,2,4.301939904354372,10.0,2.998673622126542,200,9.291470417310938,10.0,3.1819342967117246,14,2,0,0,0,0,1,0,0,0,0,0,0,1,0,1,0,0,0,1441.2350555013616,257.9700391612809,1441.2350555013616,optimal_path_time,257.9700391612809,Morning_200_0_3
-0.1054466,51.5184715,-0.090008,51.519813,0.015496773606464223,163,2,4,4.236089688715276,10.0,2.913978569936239,200,7.453718036353001,10.0,11.08767163491988,14,2,0,0,0,0,1,0,0,0,0,0,0,1,0,1,0,0,0,1433.6606862556937,561.199718709376,1433.6606862556937,optimal_path_time,561.199718709376,Morning_200_1_0
-0.0758517,51.5116527,-0.1045317,51.5114654,0.028680611591979707,203,4,3,4.236089688715276,10.0,2.913978569936239,200,4.351523867897333,10.0,7.924888630886325,14,2,0,0,0,0,1,0,0,0,0,0,0,1,0,1,0,0,0,1201.780188873945,524.0698321512286,1201.780188873945,optimal_path_time,524.0698321512286,Morning_200_1_1
-0.090008,51.519813,-0.0923326,51.5139395,0.006316784578406833,96,4,2,4.236089688715276,10.0,2.913978569936239,200,7.290012818448281,10.0,7.224429693632191,14,2,0,0,0,0,1,0,0,0,0,0,0,1,0,1,0,0,0,1036.237658673614,181.20356057982605,1036.237658673614,optimal_path_time,181.20356057982605,Morning_200_1_2
-0.1054466,51.5184715,-0.0968739,51.5168482,0.00872503800450149,147,2,2,4.236089688715276,10.0,2.913978569936239,200,9.38517820652157,10.0,2.570807088522353,14,2,0,0,0,0,1,0,0,0,0,0,0,1,0,1,0,0,0,1408.0408252035122,257.9700391612809,1408.0408252035122,optimal_path_time,257.9700391612809,Morning_200_1_3
-0.1054466,51.5184715,-0.090008,51.519813,0.015496773606464223,163,2,4,4.7417554827247,10.0,3.1952570329593515,300,8.113734382229719,10.0,9.366538488161641,14,2,0,0,0,0,1,0,0,0,0,0,0,1,0,1,0,0,0,1704.9780894890275,561.199718709376,1704.9780894890275,optimal_path_time,561.199718709376,Morning_300_0_0
-0.0758517,51.5116527,-0.1045317,51.5114654,0.028680611591979707,203,4,3,4.7417554827247,10.0,3.1952570329593515,300,5.133172555113506,10.0,9.105821090855748,14,2,0,0,0,0,1,0,0,0,0,0,0,1,0,1,0,0,0,1336.2417940270448,524.0698321512286,1336.2417940270448,optimal_path_time,524.0698321512286,Morning_300_0_1
-0.090008,51.519813,-0.0923326,51.5139395,0.006316784578406833,96,4,2,4.7417554827247,10.0,3.1952570329593515,300,7.544430175823942,10.0,7.145040429867219,14,2,0,0,0,0,1,0,0,0,0,0,0,1,0,1,0,0,0,1085.3123028583016,181.20356057982605,1085.3123028583016,optimal_path_time,181.20356057982605,Morning_300_0_2
-0.1054466,51.5184715,-0.0968739,51.5168482,0.00872503800450149,147,2,2,4.7417554827247,10.0,3.1952570329593515,300,9.861898039354255,10.0,0.40544631854369634,14,2,0,0,0,0,1,0,0,0,0,0,0,1,0,1,0,0,0,1584.7120290633811,257.9700391612809,1584.7120290633811,optimal_path_time,257.9700391612809,Morning_300_0_3
-0.1054466,51.5184715,-0.090008,51.519813,0.015496773606464223,163,2,4,4.67644624689105,10.0,3.1549173732632334,300,8.217483351740553,10.0,9.148162599140536,14,2,0,0,0,0,1,0,0,0,0,0,0,1,0,1,0,0,0,1755.010680941101,561.199718709376,1755.010680941101,optimal_path_time,561.199718709376,Morning_300_1_0
-0.0758517,51.5116527,-0.1045317,51.5114654,0.028680611591979707,203,4,3,4.67644624689105,10.0,3.1549173732632334,300,5.66844715772881,10.0,10.711951877495167,14,2,0,0,0,0,1,0,0,0,0,0,0,1,0,1,0,0,0,1457.970652846806,524.0698321512286,1457.970652846806,optimal_path_time,524.0698321512286,Morning_300_1_1
-0.090008,51.519813,-0.0923326,51.5139395,0.006316784578406833,96,4,2,4.67644624689105,10.0,3.1549173732632334,300,9.088779292142702,10.0,3.7404335994408635,14,2,0,0,0,0,1,0,0,0,0,0,0,1,0,1,0,0,0,1305.0312428637806,181.20356057982605,1305.0312428637806,optimal_path_time,181.20356057982605,Morning_300_1_2
-0.1054466,51.5184715,-0.0968739,51.5168482,0.00872503800450149,147,2,2,4.67644624689105,10.0,3.1549173732632334,300,9.911646342329414,10.0,0.45223820097757206,14,2,0,0,0,0,1,0,0,0,0,0,0,1,0,1,0,0,0,1612.0525374442968,257.9700391612809,1612.0525374442968,optimal_path_time,257.9700391612809,Morning_300_1_3
-0.1054466,51.5184715,-0.090008,51.519813,0.015496773606464223,163,2,4,3.0140682146828692,5.0,0.7783951663946416,0,3.025540708019146,5.0,0.62188853603839,14,2,0,0,0,0,0,1,0,0,0,0,0,1,0,1,0,0,0,449.7744495080061,561.199718709376,449.7744495080061,astar_time,449.7744495080061,Evening_0_0_0
-0.0758517,51.5116527,-0.1045317,51.5114654,0.028680611591979707,203,4,3,3.0140682146828692,5.0,0.7783951663946416,0,3.053492750049596,5.0,0.601350784231909,14,2,0,0,0,0,0,1,0,0,0,0,0,1,0,1,0,0,0,654.771717134066,524.0698321512286,654.771717134066,optimal_path_time,524.0698321512286,Evening_0_0_1
-0.090008,51.519813,-0.0923326,51.5139395,0.006316784578406833,96,4,2,3.0140682146828692,5.0,0.7783951663946416,0,3.073909643941738,4.991264514921232,0.5600295956282423,14,2,0,0,0,0,0,1,0,0,0,0,0,1,0,1,0,0,0,261.4482986041626,181.20356057982605,261.4482986041626,optimal_path_time,181.20356057982605,Evening_0_0_2
-0.1054466,51.5184715,-0.0968739,51.5168482,0.00872503800450149,147,2,2,3.0140682146828692,5.0,0.7783951663946416,0,2.996249681891415,5.0,0.5645398824076642,14,2,0,0,0,0,0,1,0,0,0,0,0,1,0,1,0,0,0,320.9334553173783,257.9700391612809,320.9334553173783,optimal_path_time,257.9700391612809,Evening_0_0_3
-0.1054466,51.5184715,-0.090008,51.519813,0.015496773606464223,163,2,4,3.0077921057434045,5.0,0.7698814121467245,0,2.935772191342396,4.824784826410222,0.5399231111502333,14,2,0,0,0,0,0,1,0,0,0,0,0,1,0,1,0,0,0,429.74341563347974,561.199718709376,429.74341563347974,astar_time,429.74341563347974,Evening_0_1_0
-0.0758517,51.5116527,-0.1045317,51.5114654,0.028680611591979707,203,4,3,3.0077921057434045,5.0,0.7698814121467245,0,3.016099691228733,5.0,0.5475742063242949,14,2,0,0,0,0,0,1,0,0,0,0,0,1,0,1,0,0,0,631.0973976975313,524.0698321512286,631.0973976975313,optimal_path_time,524.0698321512286,Evening_0_1_1
-0.090008,51.519813,-0.0923326,51.5139395,0.006316784578406833,96,4,2,3.0077921057434045,5.0,0.7698814121467245,0,3.05939283481565,4.870629952113437,0.6898543967503784,14,2,0,0,0,0,0,1,0,0,0,0,0,1,0,1,0,0,0,255.00276971304888,181.20356057982605,255.00276971304888,optimal_path_time,181.20356057982605,Evening_0_1_2
-0.1054466,51.5184715,-0.0968739,51.5168482,0.00872503800450149,147,2,2,3.0077921057434045,5.0,0.7698814121467245,0,2.9236458541183064,4.627422511214148,0.4473188195482033,14,2,0,0,0,0,0,1,0,0,0,0,0,1,0,1,0,0,0,304.85505164539796,257.9700391612809,304.85505164539796,optimal_path_time,257.9700391612809,Evening_0_1_3
-0.1054466,51.5184715,-0.090008,51.519813,0.015496773606464223,163,2,4,2.75633962240551,9.946447814335144,1.1511484815511408,25,3.267170714788087,6.249895653809574,1.5552577748470693,14,2,0,0,0,0,0,1,0,0,0,0,0,1,0,1,0,0,0,472.20936200533004,561.199718709376,472.20936200533004,astar_time,472.20936200533004,Evening_25_0_0
-0.0758517,51.5116527,-0.1045317,51.5114654,0.028680611591979707,203,4,3,2.75633962240551,9.946447814335144,1.1511484815511408,25,2.5864998603969847,4.491086472894824,0.7813003571598668,14,2,0,0,0,0,0,1,0,0,0,0,0,1,0,1,0,0,0,632.3426672467931,524.0698321512286,632.3426672467931,optimal_path_time,524.0698321512286,Evening_25_0_1
-0.090008,51.519813,-0.0923326,51.5139395,0.006316784578406833,96,4,2,2.75633962240551,9.946447814335144,1.1511484815511408,25,2.9397056158213433,5.869898363329915,1.1758861884353675,14,2,0,0,0,0,0,1,0,0,0,0,0,1,0,1,0,0,0,250.55290170045487,181.20356057982605,250.55290170045487,optimal_path_time,181.20356057982605,Evening_25_0_2
-0.1054466,51.5184715,-0.0968739,51.5168482,0.00872503800450149,147,2,2,2.75633962240551,9.946447814335144,1.1511484815511408,25,3.5706891735659467,6.249895653809574,1.5349041303323874,14,2,0,0,0,0,0,1,0,0,0,0,0,1,0,1,0,0,0,363.60185121396216,257.9700391612809,363.60185121396216,optimal_path_time,257.9700391612809,Evening_25_0_3
-0.1054466,51.5184715,-0.090008,51.519813,0.015496773606464223,163,2,4,2.7318791831777043,8.988277912806376,1.0944212771192372,25,3.948440394302515,8.988277912806376,3.7576964199832634,14,2,0,0,0,0,0,1,0,0,0,0,0,1,0,1,0,0,0,652.7520318137022,561.199718709376,652.7520318137022,optimal_path_time,561.199718709376,Evening_25_1_0
-0.0758517,51.5116527,-0.1045317,51.5114654,0.028680611591979707,203,4,3,2.7318791831777043,8.988277912806376,1.0944212771192372,25,2.6641180975309227,5.214120120356265,0.887690983520622,14,2,0,0,0,0,0,1,0,0,0,0,0,1,0,1,0,0,0,627.6172173837022,524.0698321512286,627.6172173837022,optimal_path_time,524.0698321512286,Evening_25_1_1
-0.090008,51.519813,-0.0923326,51.5139395,0.006316784578406833,96,4,2,2.7318791831777043,8.988277912806376,1.0944212771192372,25,3.20955156804009,5.469217122320039,1.2270001651129803,14,2,0,0,0,0,0,1,0,0,0,0,0,1,0,1,0,0,0,274.6181530129586,181.20356057982605,274.6181530129586,optimal_path_time,181.20356057982605,Evening_25_1_2
-0.1054466,51.5184715,-0.0968739,51.5168482,0.00872503800450149,147,2,2,2.7318791831777043,8.988277912806376,1.0944212771192372,25,4.364584906957438,8.988277912806376,3.610602032863435,14,2,0,0,0,0,0,1,0,0,0,0,0,1,0,1,0,0,0,570.2528029414209,257.9700391612809,570.2528029414209,optimal_path_time,257.9700391612809,Evening_25_1_3
-0.1054466,51.5184715,-0.090008,51.519813,0.015496773606464223,163,2,4,3.000231137987918,10.0,1.4566409365859456,50,4.033299013649747,8.537119050778923,3.16253053719218,14,2,0,0,0,0,0,1,0,0,0,0,0,1,0,1,0,0,0,702.8404498303931,561.199718709376,702.8404498303931,optimal_path_time,561.199718709376,Evening_50_0_0
-0.0758517,51.5116527,-0.1045317,51.5114654,0.028680611591979707,203,4,3,3.000231137987918,10.0,1.4566409365859456,50,2.737613954239211,5.556815670478591,0.9415693266712726,14,2,0,0,0,0,0,1,0,0,0,0,0,1,0,1,0,0,0,667.9290822515634,524.0698321512286,667.9290822515634,optimal_path_time,524.0698321512286,Evening_50_0_1
-0.090008,51.519813,-0.0923326,51.5139395,0.006316784578406833,96,4,2,3.000231137987918,10.0,1.4566409365859456,50,3.561018032446065,8.918384495725622,2.472196261955784,14,2,0,0,0,0,0,1,0,0,0,0,0,1,0,1,0,0,0,331.97847332303525,181.20356057982605,331.97847332303525,optimal_path_time,181.20356057982605,Evening_50_0_2
-0.1054466,51.5184715,-0.0968739,51.5168482,0.00872503800450149,147,2,2,3.000231137987918,10.0,1.4566409365859456,50,4.6356880679719,8.537119050778923,3.294108851700674,14,2,0,0,0,0,0,1,0,0,0,0,0,1,0,1,0,0,0,578.9274562236482,257.9700391612809,578.9274562236482,optimal_path_time,257.9700391612809,Evening_50_0_3
-0.1054466,51.5184715,-0.090008,51.519813,0.015496773606464223,163,2,4,2.966151483429215,10.0,1.4000772835699522,50,4.813185433943767,10.0,5.7364384401234965,14,2,0,0,0,0,0,1,0,0,0,0,0,1,0,1,0,0,0,700.5185582992428,561.199718709376,700.5185582992428,optimal_path_time,561.199718709376,Evening_50_1_0
-0.0758517,51.5116527,-0.1045317,51.5114654,0.028680611591979707,203,4,3,2.966151483429215,10.0,1.4000772835699522,50,2.8203975638916403,5.556815670478591,1.0382598555993647,14,2,0,0,0,0,0,1,0,0,0,0,0,1,0,1,0,0,0,641.4584814695663,524.0698321512286,641.4584814695663,optimal_path_time,524.0698321512286,Evening_50_1_1
-0.090008,51.519813,-0.0923326,51.5139395,0.006316784578406833,96,4,2,2.966151483429215,10.0,1.4000772835699522,50,3.910950813625394,8.918384495725622,2.246953806774292,14,2,0,0,0,0,0,1,0,0,0,0,0,1,0,1,0,0,0,368.2621897168298,181.20356057982605,368.2621897168298,optimal_path_time,181.20356057982605,Evening_50_1_2
-0.1054466,51.5184715,-0.0968739,51.5168482,0.00872503800450149,147,2,2,2.966151483429215,10.0,1.4000772835699522,50,5.640510737786848,10.0,5.5682197162607014,14,2,0,0,0,0,0,1,0,0,0,0,0,1,0,1,0,0,0,612.0760187204137,257.9700391612809,612.0760187204137,optimal_path_time,257.9700391612809,Evening_50_1_3
-0.1054466,51.5184715,-0.090008,51.519813,0.015496773606464223,163,2,4,3.527114114100446,10.0,2.1479255336226073,100,5.562113476591156,10.0,7.0837856917726745,14,2,0,0,0,0,0,1,0,0,0,0,0,1,0,1,0,0,0,933.6371777870539,561.199718709376,933.6371777870539,optimal_path_time,561.199718709376,Evening_100_0_0
-0.0758517,51.5116527,-0.1045317,51.5114654,0.028680611591979707,203,4,3,3.527114114100446,10.0,2.1479255336226073,100,4.34775554518967,10.0,6.549642414537864,14,2,0,0,0,0,0,1,0,0,0,0,0,1,0,1,0,0,0,951.8070359583546,524.0698321512286,951.8070359583546,optimal_path_time,524.0698321512286,Evening_100_0_1
-0.090008,51.519813,-0.0923326,51.5139395,0.006316784578406833,96,4,2,3.527114114100446,10.0,2.1479255336226073,100,5.375482962821572,10.0,7.885917993756632,14,2,0,0,0,0,0,1,0,0,0,0,0,1,0,1,0,0,0,668.5314090990724,181.20356057982605,668.5314090990724,optimal_path_time,181.20356057982605,Evening_100_0_2
-0.1054466,51.5184715,-0.0968739,51.5168482,0.00872503800450149,147,2,2,3.527114114100446,10.0,2.1479255336226073,100,6.289060631445048,10.0,6.329101374718906,14,2,0,0,0,0,0,1,0,0,0,0,0,1,0,1,0,0,0,792.7949481195593,257.9700391612809,792.7949481195593,optimal_path_time,257.9700391612809,Evening_100_0_3
-0.1054466,51.5184715,-0.090008,51.519813,0.015496773606464223,163,2,4,3.528793995299941,10.0,2.275012793661584,100,6.8346593605712105,10.0,9.752076333912113,14,2,0,0,0,0,0,1,0,0,0,0,0,1,0,1,0,0,0,847.7531404174752,561.199718709376,847.7531404174752,optimal_path_time,561.199718709376,Evening_100_1_0
-0.0758517,51.5116527,-0.1045317,51.5114654,0.028680611591979707,203,4,3,3.528793995299941,10.0,2.275012793661584,100,4.086373270441348,10.0,6.058136430522849,14,2,0,0,0,0,0,1,0,0,0,0,0,1,0,1,0,0,0,750.8320286065258,524.0698321512286,750.8320286065258,optimal_path_time,524.0698321512286,Evening_100_1_1
-0.090008,51.519813,-0.0923326,51.5139395,0.006316784578406833,96,4,2,3.528793995299941,10.0,2.275012793661584,100,4.573825669071449,10.0,6.637967619747039,14,2,0,0,0,0,0,1,0,0,0,0,0,1,0,1,0,0,0,489.0619021256293,181.20356057982605,489.0619021256293,optimal_path_time,181.20356057982605,Evening_100_1_2
-0.1054466,51.5184715,-0.0968739,51.5168482,0.00872503800450149,147,2,2,3.528793995299941,10.0,2.275012793661584,100,8.278466721648188,10.0,6.549314818231255,14,2,0,0,0,0,0,1,0,0,0,0,0,1,0,1,0,0,0,912.0713232995558,257.9700391612809,912.0713232995558,optimal_path_time,257.9700391612809,Evening_100_1_3
-0.1054466,51.5184715,-0.090008,51.519813,0.015496773606464223,163,2,4,4.002955792949473,10.0,2.726144763206108,150,7.340725817564202,10.0,11.263060266225262,14,2,0,0,0,0,0,1,0,0,0,0,0,1,0,1,0,0,0,1420.0747553770316,561.199718709376,1420.0747553770316,optimal_path_time,561.199718709376,Evening_150_0_0
-0.0758517,51.5116527,-0.1045317,51.5114654,0.028680611591979707,203,4,3,4.002955792949473,10.0,2.726144763206108,150,4.168915359503194,10.0,6.455057245272131,14,2,0,0,0,0,0,1,0,0,0,0,0,1,0,1,0,0,0,964.5477990565338,524.0698321512286,964.5477990565338,optimal_path_time,524.0698321512286,Evening_150_0_1
-0.090008,51.519813,-0.0923326,51.5139395,0.006316784578406833,96,4,2,4.002955792949473,10.0,2.726144763206108,150,5.464086668262149,10.0,7.41394887032302,14,2,0,0,0,0,0,1,0,0,0,0,0,1,0,1,0,0,0,632.1112027120308,181.20356057982605,632.1112027120308,optimal_path_time,181.20356057982605,Evening_150_0_2
-0.1054466,51.5184715,-0.0968739,51.5168482,0.00872503800450149,147,2,2,4.002955792949473,10.0,2.726144763206108,150,8.767098805076161,10.0,4.883746770306024,14,2,0,0,0,0,0,1,0,0,0,0,0,1,0,1,0,0,0,1317.7872172453679,257.9700391612809,1317.7872172453679,optimal_path_time,257.9700391612809,Evening_150_0_3
-0.1054466,51.5184715,-0.090008,51.519813,0.015496773606464223,163,2,4,3.9045465305484868,10.0,2.6418968891751256,150,7.254973791195873,10.0,11.805430807865728,14,2,0,0,0,0,0,1,0,0,0,0,0,1,0,1,0,0,0,1378.7418146351706,561.199718709376,1378.7418146351706,optimal_path_time,561.199718709376,Evening_150_1_0
-0.0758517,51.5116527,-0.1045317,51.5114654,0.028680611591979707,203,4,3,3.9045465305484868,10.0,2.6418968891751256,150,4.002958655819454,10.0,6.825039375192972,14,2,0,0,0,0,0,1,0,0,0,0,0,1,0,1,0,0,0,924.6632802849012,524.0698321512286,924.6632802849012,optimal_path_time,524.0698321512286,Evening_150_1_1
-0.090008,51.519813,-0.0923326,51.5139395,0.006316784578406833,96,4,2,3.9045465305484868,10.0,2.6418968891751256,150,5.482787336149575,10.0,7.8085449044447985,14,2,0,0,0,0,0,1,0,0,0,0,0,1,0,1,0,0,0,642.8921077558592,181.20356057982605,642.8921077558592,optimal_path_time,181.20356057982605,Evening_150_1_2
-0.1054466,51.5184715,-0.0968739,51.5168482,0.00872503800450149,147,2,2,3.9045465305484868,10.0,2.6418968891751256,150,9.21547558839686,10.0,3.552485464737449,14,2,0,0,0,0,0,1,0,0,0,0,0,1,0,1,0,0,0,1172.8954046579504,257.9700391612809,1172.8954046579504,optimal_path_time,257.9700391612809,Evening_150_1_3
-0.1054466,51.5184715,-0.090008,51.519813,0.015496773606464223,163,2,4,4.266043339035777,10.0,2.9433099985434175,200,7.439161750801935,10.0,11.346571562664517,14,2,0,0,0,0,0,1,0,0,0,0,0,1,0,1,0,0,0,1422.2909724780318,561.199718709376,1422.2909724780318,optimal_path_time,561.199718709376,Evening_200_0_0
-0.0758517,51.5116527,-0.1045317,51.5114654,0.028680611591979707,203,4,3,4.266043339035777,10.0,2.9433099985434175,200,4.647762535825746,10.0,8.40589753170712,14,2,0,0,0,0,0,1,0,0,0,0,0,1,0,1,0,0,0,1143.1770685670388,524.0698321512286,1143.1770685670388,optimal_path_time,524.0698321512286,Evening_200_0_1
-0.090008,51.519813,-0.0923326,51.5139395,0.006316784578406833,96,4,2,4.266043339035777,10.0,2.9433099985434175,200,6.969627971085442,10.0,8.177065909859634,14,2,0,0,0,0,0,1,0,0,0,0,0,1,0,1,0,0,0,989.9198479542707,181.20356057982605,989.9198479542707,optimal_path_time,181.20356057982605,Evening_200_0_2
-0.1054466,51.5184715,-0.0968739,51.5168482,0.00872503800450149,147,2,2,4.266043339035777,10.0,2.9433099985434175,200,9.525409043134312,10.0,1.8842401907413406,14,2,0,0,0,0,0,1,0,0,0,0,0,1,0,1,0,0,0,1452.2450991704204,257.9700391612809,1452.2450991704204,optimal_path_time,257.9700391612809,Evening_200_0_3
-0.1054466,51.5184715,-0.090008,51.519813,0.015496773606464223,163,2,4,4.191337501869513,10.0,2.8618004161215063,200,7.4427274535648795,10.0,10.873259091813852,14,2,0,0,0,0,0,1,0,0,0,0,0,1,0,1,0,0,0,1437.0282095426314,561.199718709376,1437.0282095426314,optimal_path_time,561.199718709376,Evening_200_1_0
-0.0758517,51.5116527,-0.1045317,51.5114654,0.028680611591979707,203,4,3,4.191337501869513,10.0,2.8618004161215063,200,4.402109988683419,10.0,8.651967969388814,14,2,0,0,0,0,0,1,0,0,0,0,0,1,0,1,0,0,0,950.5217616824484,524.0698321512286,950.5217616824484,optimal_path_time,524.0698321512286,Evening_200_1_1
-0.090008,51.519813,-0.0923326,51.5139395,0.006316784578406833,96,4,2,4.191337501869513,10.0,2.8618004161215063,200,6.894868324132945,10.0,8.377673647348276,14,2,0,0,0,0,0,1,0,0,0,0,0,1,0,1,0,0,0,961.6824187153286,181.20356057982605,961.6824187153286,optimal_path_time,181.20356057982605,Evening_200_1_2
-0.1054466,51.5184715,-0.0968739,51.5168482,0.00872503800450149,147,2,2,4.191337501869513,10.0,2.8618004161215063,200,9.352267692815039,10.0,2.8785401349900783,14,2,0,0,0,0,0,1,0,0,0,0,0,1,0,1,0,0,0,1428.5435447933446,257.9700391612809,1428.5435447933446,optimal_path_time,257.9700391612809,Evening_200_1_3
-0.1054466,51.5184715,-0.090008,51.519813,0.015496773606464223,163,2,4,4.638745638047717,10.0,3.201579609633882,300,8.024503037127094,10.0,10.125694802111495,14,2,0,0,0,0,0,1,0,0,0,0,0,1,0,1,0,0,0,1567.0228643200314,561.199718709376,1567.0228643200314,optimal_path_time,561.199718709376,Evening_300_0_0
-0.0758517,51.5116527,-0.1045317,51.5114654,0.028680611591979707,203,4,3,4.638745638047717,10.0,3.201579609633882,300,4.8151057902143535,10.0,9.54856237643498,14,2,0,0,0,0,0,1,0,0,0,0,0,1,0,1,0,0,0,1251.0696863481573,524.0698321512286,1251.0696863481573,optimal_path_time,524.0698321512286,Evening_300_0_1
-0.090008,51.519813,-0.0923326,51.5139395,0.006316784578406833,96,4,2,4.638745638047717,10.0,3.201579609633882,300,9.157990616290551,10.0,3.1470524554326147,14,2,0,0,0,0,0,1,0,0,0,0,0,1,0,1,0,0,0,1287.354925241901,181.20356057982605,1287.354925241901,optimal_path_time,181.20356057982605,Evening_300_0_2
-0.1054466,51.5184715,-0.0968739,51.5168482,0.00872503800450149,147,2,2,4.638745638047717,10.0,3.201579609633882,300,10.0,10.0,0.0,14,2,0,0,0,0,0,1,0,0,0,0,0,1,0,1,0,0,0,1553.1402292720522,257.9700391612809,1553.1402292720522,optimal_path_time,257.9700391612809,Evening_300_0_3
-0.1054466,51.5184715,-0.090008,51.519813,0.015496773606464223,163,2,4,4.643448583542079,10.0,3.125242356941964,300,8.138458158934501,10.0,9.270937191394912,14,2,0,0,0,0,0,1,0,0,0,0,0,1,0,1,0,0,0,1624.4813921536568,561.199718709376,1624.4813921536568,optimal_path_time,561.199718709376,Evening_300_1_0
-0.0758517,51.5116527,-0.1045317,51.5114654,0.028680611591979707,203,4,3,4.643448583542079,10.0,3.125242356941964,300,5.009740820945224,10.0,8.925558052942819,14,2,0,0,0,0,0,1,0,0,0,0,0,1,0,1,0,0,0,1338.1493674557623,524.0698321512286,1338.1493674557623,optimal_path_time,524.0698321512286,Evening_300_1_1
-0.090008,51.519813,-0.0923326,51.5139395,0.006316784578406833,96,4,2,4.643448583542079,10.0,3.125242356941964,300,6.890693666030717,10.0,7.480831392029548,14,2,0,0,0,0,0,1,0,0,0,0,0,1,0,1,0,0,0,954.3556899987137,181.20356057982605,954.3556899987137,optimal_path_time,181.20356057982605,Evening_300_1_2
-0.1054466,51.5184715,-0.0968739,51.5168482,0.00872503800450149,147,2,2,4.643448583542079,10.0,3.125242356941964,300,9.989386347674055,10.0,0.016334194275925553,14,2,0,0,0,0,0,1,0,0,0,0,0,1,0,1,0,0,0,1556.089839704242,257.9700391612809,1556.089839704242,optimal_path_time,257.9700391612809,Evening_300_1_3
-0.1054466,51.5184715,-0.090008,51.519813,0.015496773606464223,163,2,4,2.04476103351969,4.358222929362226,0.7062723799748339,0,1.9364287657598713,3.8697249360723145,0.4635583129358367,14,2,0,0,0,0,0,0,1,0,0,0,0,1,0,1,0,0,0,286.82662842865705,561.199718709376,286.82662842865705,astar_time,286.82662842865705,Weekend_0_0_0
-0.0758517,51.5116527,-0.1045317,51.5114654,0.028680611591979707,203,4,3,2.04476103351969,4.358222929362226,0.7062723799748339,0,2.164843801408567,3.875883464805452,0.4589210511830275,14,2,0,0,0,0,0,0,1,0,0,0,0,1,0,1,0,0,0,400.34222903456873,524.0698321512286,400.34222903456873,astar_time,400.34222903456873,Weekend_0_0_1
-0.090008,51.519813,-0.0923326,51.5139395,0.006316784578406833,96,4,2,2.04476103351969,4.358222929362226,0.7062723799748339,0,1.8810981147209418,3.451709548532646,0.42979685389748523,14,2,0,0,0,0,0,0,1,0,0,0,0,1,0,1,0,0,0,155.85640932548782,181.20356057982605,155.85640932548782,astar_time,155.85640932548782,Weekend_0_0_2
-0.1054466,51.5184715,-0.0968739,51.5168482,0.00872503800450149,147,2,2,2.04476103351969,4.358222929362226,0.7062723799748339,0,1.9345046789898999,4.133549089610282,0.5097228044776999,14,2,0,0,0,0,0,0,1,0,0,0,0,1,0,1,0,0,0,195.38929110659635,257.9700391612809,195.38929110659635,astar_time,195.38929110659635,Weekend_0_0_3
-0.1054466,51.5184715,-0.090008,51.519813,0.015496773606464223,163,2,4,2.0161881229421534,4.398947488429055,0.7112739196529312,0,2.0999569565078664,3.6664268157010853,0.5073696031964077,14,2,0,0,0,0,0,0,1,0,0,0,0,1,0,1,0,0,0,298.8155981815398,561.199718709376,298.8155981815398,astar_time,298.8155981815398,Weekend_0_1_0
-0.0758517,51.5116527,-0.1045317,51.5114654,0.028680611591979707,203,4,3,2.0161881229421534,4.398947488429055,0.7112739196529312,0,2.0196684513714263,3.8590637737982485,0.533205375104147,14,2,0,0,0,0,0,0,1,0,0,0,0,1,0,1,0,0,0,384.5633588857171,524.0698321512286,384.5633588857171,astar_time,384.5633588857171,Weekend_0_1_1
-0.090008,51.519813,-0.0923326,51.5139395,0.006316784578406833,96,4,2,2.0161881229421534,4.398947488429055,0.7112739196529312,0,1.9690421583815332,4.011467066119966,0.46019176134249234,14,2,0,0,0,0,0,0,1,0,0,0,0,1,0,1,0,0,0,141.3627436808245,181.20356057982605,141.3627436808245,astar_time,141.3627436808245,Weekend_0_1_2
-0.1054466,51.5184715,-0.0968739,51.5168482,0.00872503800450149,147,2,2,2.0161881229421534,4.398947488429055,0.7112739196529312,0,2.0544874613239186,3.6664268157010853,0.51850314185913,14,2,0,0,0,0,0,0,1,0,0,0,0,1,0,1,0,0,0,206.84475437665768,257.9700391612809,206.84475437665768,astar_time,206.84475437665768,Weekend_0_1_3
-0.1054466,51.5184715,-0.090008,51.519813,0.015496773606464223,163,2,4,2.7236346151355777,8.040725953362351,1.0973953355105248,25,3.890620474315853,8.02253570808785,3.012491239204996,14,2,0,0,0,0,0,0,1,0,0,0,0,1,0,1,0,0,0,494.0056520021779,561.199718709376,494.0056520021779,astar_time,494.0056520021779,Weekend_25_0_0
-0.0758517,51.5116527,-0.1045317,51.5114654,0.028680611591979707,203,4,3,2.7236346151355777,8.040725953362351,1.0973953355105248,25,2.5807379579815137,4.627562609688894,0.7811162130297601,14,2,0,0,0,0,0,0,1,0,0,0,0,1,0,1,0,0,0,649.2126509652877,524.0698321512286,649.2126509652877,optimal_path_time,524.0698321512286,Weekend_25_0_1
-0.090008,51.519813,-0.0923326,51.5139395,0.006316784578406833,96,4,2,2.7236346151355777,8.040725953362351,1.0973953355105248,25,3.2957797736434715,8.040725953362351,2.310541190735017,14,2,0,0,0,0,0,0,1,0,0,0,0,1,0,1,0,0,0,279.5889468490298,181.20356057982605,279.5889468490298,optimal_path_time,181.20356057982605,Weekend_25_0_2
-0.1054466,51.5184715,-0.0968739,51.5168482,0.00872503800450149,147,2,2,2.7236346151355777,8.040725953362351,1.0973953355105248,25,4.219364524136505,8.02253570808785,2.8851262630082424,14,2,0,0,0,0,0,0,1,0,0,0,0,1,0,1,0,0,0,464.58325542411586,257.9700391612809,464.58325542411586,optimal_path_time,257.9700391612809,Weekend_25_0_3
-0.1054466,51.5184715,-0.090008,51.519813,0.015496773606464223,163,2,4,2.761847721381626,10.0,1.1889673865144128,25,3.745142598798672,7.841306098248192,2.786491706124432,14,2,0,0,0,0,0,0,1,0,0,0,0,1,0,1,0,0,0,542.6495355145041,561.199718709376,542.6495355145041,astar_time,542.6495355145041,Weekend_25_1_0
-0.0758517,51.5116527,-0.1045317,51.5114654,0.028680611591979707,203,4,3,2.761847721381626,10.0,1.1889673865144128,25,2.737780936423808,5.963420403849007,1.0824781542990263,14,2,0,0,0,0,0,0,1,0,0,0,0,1,0,1,0,0,0,606.0360296138773,524.0698321512286,606.0360296138773,optimal_path_time,524.0698321512286,Weekend_25_1_1
-0.090008,51.519813,-0.0923326,51.5139395,0.006316784578406833,96,4,2,2.761847721381626,10.0,1.1889673865144128,25,3.2907385582125452,6.260561199809618,1.4926977620748736,14,2,0,0,0,0,0,0,1,0,0,0,0,1,0,1,0,0,0,288.4267839948522,181.20356057982605,288.4267839948522,optimal_path_time,181.20356057982605,Weekend_25_1_2
-0.1054466,51.5184715,-0.0968739,51.5168482,0.00872503800450149,147,2,2,2.761847721381626,10.0,1.1889673865144128,25,4.209565171341579,7.841306098248192,2.639374963071471,14,2,0,0,0,0,0,0,1,0,0,0,0,1,0,1,0,0,0,456.30939068264274,257.9700391612809,456.30939068264274,optimal_path_time,257.9700391612809,Weekend_25_1_3
-0.1054466,51.5184715,-0.090008,51.519813,0.015496773606464223,163,2,4,3.0271598468902323,10.0,1.540116985739881,50,5.853442017741416,10.0,8.692451783101937,14,2,0,0,0,0,0,0,1,0,0,0,0,1,0,1,0,0,0,567.0221868648031,561.199718709376,567.0221868648031,optimal_path_time,561.199718709376,Weekend_50_0_0
-0.0758517,51.5116527,-0.1045317,51.5114654,0.028680611591979707,203,4,3,3.0271598468902323,10.0,1.540116985739881,50,2.7483074125957687,5.376078367923658,0.9999805092477875,14,2,0,0,0,0,0,0,1,0,0,0,0,1,0,1,0,0,0,665.1257779630688,524.0698321512286,665.1257779630688,optimal_path_time,524.0698321512286,Weekend_50_0_1
-0.090008,51.519813,-0.0923326,51.5139395,0.006316784578406833,96,4,2,3.0271598468902323,10.0,1.540116985739881,50,4.599332820138592,10.0,3.8783906060920064,14,2,0,0,0,0,0,0,1,0,0,0,0,1,0,1,0,0,0,445.58322611060305,181.20356057982605,445.58322611060305,optimal_path_time,181.20356057982605,Weekend_50_0_2
-0.1054466,51.5184715,-0.0968739,51.5168482,0.00872503800450149,147,2,2,3.0271598468902323,10.0,1.540116985739881,50,7.235256951544133,10.0,6.085061585042291,14,2,0,0,0,0,0,0,1,0,0,0,0,1,0,1,0,0,0,729.6847966202358,257.9700391612809,729.6847966202358,optimal_path_time,257.9700391612809,Weekend_50_0_3
-0.1054466,51.5184715,-0.090008,51.519813,0.015496773606464223,163,2,4,2.9428663002886792,10.0,1.4628729242985845,50,5.340900329929811,10.0,7.529924149760793,14,2,0,0,0,0,0,0,1,0,0,0,0,1,0,1,0,0,0,674.4563695970969,561.199718709376,674.4563695970969,optimal_path_time,561.199718709376,Weekend_50_1_0
-0.0758517,51.5116527,-0.1045317,51.5114654,0.028680611591979707,203,4,3,2.9428663002886792,10.0,1.4628729242985845,50,3.0342161045853975,6.748016634190752,1.4308121766493962,14,2,0,0,0,0,0,0,1,0,0,0,0,1,0,1,0,0,0,634.3999734081729,524.0698321512286,634.3999734081729,optimal_path_time,524.0698321512286,Weekend_50_1_1
-0.090008,51.519813,-0.0923326,51.5139395,0.006316784578406833,96,4,2,2.9428663002886792,10.0,1.4628729242985845,50,3.268355628229184,8.346705815672783,2.5790248438103878,14,2,0,0,0,0,0,0,1,0,0,0,0,1,0,1,0,0,0,285.7405215674382,181.20356057982605,285.7405215674382,optimal_path_time,181.20356057982605,Weekend_50_1_2
-0.1054466,51.5184715,-0.0968739,51.5168482,0.00872503800450149,147,2,2,2.9428663002886792,10.0,1.4628729242985845,50,6.274114710755508,10.0,6.170181238185945,14,2,0,0,0,0,0,0,1,0,0,0,0,1,0,1,0,0,0,544.5451582560247,257.9700391612809,544.5451582560247,optimal_path_time,257.9700391612809,Weekend_50_1_3
-0.1054466,51.5184715,-0.090008,51.519813,0.015496773606464223,163,2,4,3.4681417511831825,10.0,2.1580488235943243,100,5.048073171947937,10.0,7.307162730076389,14,2,0,0,0,0,0,0,1,0,0,0,0,1,0,1,0,0,0,827.4634901858524,561.199718709376,827.4634901858524,optimal_path_time,561.199718709376,Weekend_100_0_0
-0.0758517,51.5116527,-0.1045317,51.5114654,0.028680611591979707,203,4,3,3.4681417511831825,10.0,2.1580488235943243,100,3.4578472490288474,10.0,3.815357069034757,14,2,0,0,0,0,0,0,1,0,0,0,0,1,0,1,0,0,0,818.2951274272325,524.0698321512286,818.2951274272325,optimal_path_time,524.0698321512286,Weekend_100_0_1
-0.090008,51.519813,-0.0923326,51.5139395,0.006316784578406833,96,4,2,3.4681417511831825,10.0,2.1580488235943243,100,4.863535007648172,10.0,5.441921555133107,14,2,0,0,0,0,0,0,1,0,0,0,0,1,0,1,0,0,0,549.310733149446,181.20356057982605,549.310733149446,optimal_path_time,181.20356057982605,Weekend_100_0_2
-0.1054466,51.5184715,-0.0968739,51.5168482,0.00872503800450149,147,2,2,3.4681417511831825,10.0,2.1580488235943243,100,6.590718307009547,10.0,7.240271584064315,14,2,0,0,0,0,0,0,1,0,0,0,0,1,0,1,0,0,0,845.1568983751819,257.9700391612809,845.1568983751819,optimal_path_time,257.9700391612809,Weekend_100_0_3
-0.1054466,51.5184715,-0.090008,51.519813,0.015496773606464223,163,2,4,3.591346576601695,10.0,2.2859626351412223,100,6.916896161592248,10.0,10.925537619322439,14,2,0,0,0,0,0,0,1,0,0,0,0,1,0,1,0,0,0,1063.2366673891142,561.199718709376,1063.2366673891142,optimal_path_time,561.199718709376,Weekend_100_1_0
-0.0758517,51.5116527,-0.1045317,51.5114654,0.028680611591979707,203,4,3,3.591346576601695,10.0,2.2859626351412223,100,3.549485142097732,7.88184513336,2.1166984863704754,14,2,0,0,0,0,0,0,1,0,0,0,0,1,0,1,0,0,0,856.0500851846526,524.0698321512286,856.0500851846526,optimal_path_time,524.0698321512286,Weekend_100_1_1
-0.090008,51.519813,-0.0923326,51.5139395,0.006316784578406833,96,4,2,3.591346576601695,10.0,2.2859626351412223,100,5.474059130697599,10.0,9.011718297068894,14,2,0,0,0,0,0,0,1,0,0,0,0,1,0,1,0,0,0,632.4843453958567,181.20356057982605,632.4843453958567,optimal_path_time,181.20356057982605,Weekend_100_1_2
-0.1054466,51.5184715,-0.0968739,51.5168482,0.00872503800450149,147,2,2,3.591346576601695,10.0,2.2859626351412223,100,8.17331820930334,10.0,5.452199145480177,14,2,0,0,0,0,0,0,1,0,0,0,0,1,0,1,0,0,0,849.2459798393512,257.9700391612809,849.2459798393512,optimal_path_time,257.9700391612809,Weekend_100_1_3
-0.1054466,51.5184715,-0.090008,51.519813,0.015496773606464223,163,2,4,3.9976914289954792,10.0,2.7248275559504442,150,7.5551342077931585,10.0,9.812135550936864,14,2,0,0,0,0,0,0,1,0,0,0,0,1,0,1,0,0,0,1475.5519888458248,561.199718709376,1475.5519888458248,optimal_path_time,561.199718709376,Weekend_150_0_0
-0.0758517,51.5116527,-0.1045317,51.5114654,0.028680611591979707,203,4,3,3.9976914289954792,10.0,2.7248275559504442,150,4.336981101507885,10.0,6.56797277737779,14,2,0,0,0,0,0,0,1,0,0,0,0,1,0,1,0,0,0,1002.4053482444358,524.0698321512286,1002.4053482444358,optimal_path_time,524.0698321512286,Weekend_150_0_1
-0.090008,51.519813,-0.0923326,51.5139395,0.006316784578406833,96,4,2,3.9976914289954792,10.0,2.7248275559504442,150,6.378053478948804,10.0,9.370175107541487,14,2,0,0,0,0,0,0,1,0,0,0,0,1,0,1,0,0,0,817.2130645703863,181.20356057982605,817.2130645703863,optimal_path_time,181.20356057982605,Weekend_150_0_2
-0.1054466,51.5184715,-0.0968739,51.5168482,0.00872503800450149,147,2,2,3.9976914289954792,10.0,2.7248275559504442,150,9.259099501364876,10.0,3.2826691223635085,14,2,0,0,0,0,0,0,1,0,0,0,0,1,0,1,0,0,0,1485.1974632560598,257.9700391612809,1485.1974632560598,optimal_path_time,257.9700391612809,Weekend_150_0_3
-0.1054466,51.5184715,-0.090008,51.519813,0.015496773606464223,163,2,4,3.972338230228016,10.0,2.649647962930372,150,7.6668775887946685,10.0,9.547630153177764,14,2,0,0,0,0,0,0,1,0,0,0,0,1,0,1,0,0,0,1507.0809316151983,561.199718709376,1507.0809316151983,optimal_path_time,561.199718709376,Weekend_150_1_0
-0.0758517,51.5116527,-0.1045317,51.5114654,0.028680611591979707,203,4,3,3.972338230228016,10.0,2.649647962930372,150,4.559177080306283,10.0,8.378558403020481,14,2,0,0,0,0,0,0,1,0,0,0,0,1,0,1,0,0,0,1028.482998554869,524.0698321512286,1028.482998554869,optimal_path_time,524.0698321512286,Weekend_150_1_1
-0.090008,51.519813,-0.0923326,51.5139395,0.006316784578406833,96,4,2,3.972338230228016,10.0,2.649647962930372,150,6.004231908498285,10.0,7.533437886621455,14,2,0,0,0,0,0,0,1,0,0,0,0,1,0,1,0,0,0,738.1853243759966,181.20356057982605,738.1853243759966,optimal_path_time,181.20356057982605,Weekend_150_1_2
-0.1054466,51.5184715,-0.0968739,51.5168482,0.00872503800450149,147,2,2,3.972338230228016,10.0,2.649647962930372,150,9.38961297225954,10.0,2.686855530303892,14,2,0,0,0,0,0,0,1,0,0,0,0,1,0,1,0,0,0,1337.4099749004768,257.9700391612809,1337.4099749004768,optimal_path_time,257.9700391612809,Weekend_150_1_3
-0.1054466,51.5184715,-0.090008,51.519813,0.015496773606464223,163,2,4,4.287292143954479,10.0,2.9501846862394374,200,7.513691159275382,10.0,10.269455219783872,14,2,0,0,0,0,0,0,1,0,0,0,0,1,0,1,0,0,0,1539.8461601757301,561.199718709376,1539.8461601757301,optimal_path_time,561.199718709376,Weekend_200_0_0
-0.0758517,51.5116527,-0.1045317,51.5114654,0.028680611591979707,203,4,3,4.287292143954479,10.0,2.9501846862394374,200,4.223354052055102,10.0,7.401717289012872,14,2,0,0,0,0,0,0,1,0,0,0,0,1,0,1,0,0,0,988.6572515991036,524.0698321512286,988.6572515991036,optimal_path_time,524.0698321512286,Weekend_200_0_1
-0.090008,51.519813,-0.0923326,51.5139395,0.006316784578406833,96,4,2,4.287292143954479,10.0,2.9501846862394374,200,6.609549784050608,10.0,8.734536492161894,14,2,0,0,0,0,0,0,1,0,0,0,0,1,0,1,0,0,0,932.5253275759582,181.20356057982605,932.5253275759582,optimal_path_time,181.20356057982605,Weekend_200_0_2
-0.1054466,51.5184715,-0.0968739,51.5168482,0.00872503800450149,147,2,2,4.287292143954479,10.0,2.9501846862394374,200,9.278834953436519,10.0,3.1572515897898468,14,2,0,0,0,0,0,0,1,0,0,0,0,1,0,1,0,0,0,1485.4188756940955,257.9700391612809,1485.4188756940955,optimal_path_time,257.9700391612809,Weekend_200_0_3
-0.1054466,51.5184715,-0.090008,51.519813,0.015496773606464223,163,2,4,4.280782532019289,10.0,2.955972605092814,200,8.115843916934121,10.0,9.481080062948601,14,2,0,0,0,0,0,0,1,0,0,0,0,1,0,1,0,0,0,1538.7173957190378,561.199718709376,1538.7173957190378,optimal_path_time,561.199718709376,Weekend_200_1_0
-0.0758517,51.5116527,-0.1045317,51.5114654,0.028680611591979707,203,4,3,4.280782532019289,10.0,2.955972605092814,200,4.783228940969852,10.0,9.498321617166878,14,2,0,0,0,0,0,0,1,0,0,0,0,1,0,1,0,0,0,1166.113449232931,524.0698321512286,1166.113449232931,optimal_path_time,524.0698321512286,Weekend_200_1_1
-0.090008,51.519813,-0.0923326,51.5139395,0.006316784578406833,96,4,2,4.280782532019289,10.0,2.955972605092814,200,6.761778670240201,10.0,7.704376034986001,14,2,0,0,0,0,0,0,1,0,0,0,0,1,0,1,0,0,0,898.6915766966739,181.20356057982605,898.6915766966739,optimal_path_time,181.20356057982605,Weekend_200_1_2
-0.1054466,51.5184715,-0.0968739,51.5168482,0.00872503800450149,147,2,2,4.280782532019289,10.0,2.955972605092814,200,9.848916680353124,10.0,0.7937131730358841,14,2,0,0,0,0,0,0,1,0,0,0,0,1,0,1,0,0,0,1440.8780617548184,257.9700391612809,1440.8780617548184,optimal_path_time,257.9700391612809,Weekend_200_1_3
-0.1054466,51.5184715,-0.090008,51.519813,0.015496773606464223,163,2,4,4.592837940156569,10.0,3.133499170872173,300,8.20316536553613,10.0,8.716728850957441,14,2,0,0,0,0,0,0,1,0,0,0,0,1,0,1,0,0,0,1654.6029713453502,561.199718709376,1654.6029713453502,optimal_path_time,561.199718709376,Weekend_300_0_0
-0.0758517,51.5116527,-0.1045317,51.5114654,0.028680611591979707,203,4,3,4.592837940156569,10.0,3.133499170872173,300,4.9891399649171095,10.0,9.303851729105117,14,2,0,0,0,0,0,0,1,0,0,0,0,1,0,1,0,0,0,1349.7796338510452,524.0698321512286,1349.7796338510452,optimal_path_time,524.0698321512286,Weekend_300_0_1
-0.090008,51.519813,-0.0923326,51.5139395,0.006316784578406833,96,4,2,4.592837940156569,10.0,3.133499170872173,300,7.863414726890618,10.0,6.182279547744351,14,2,0,0,0,0,0,0,1,0,0,0,0,1,0,1,0,0,0,1144.9683342918124,181.20356057982605,1144.9683342918124,optimal_path_time,181.20356057982605,Weekend_300_0_2
-0.1054466,51.5184715,-0.0968739,51.5168482,0.00872503800450149,147,2,2,4.592837940156569,10.0,3.133499170872173,300,9.810902632034397,10.0,0.701658158793252,14,2,0,0,0,0,0,0,1,0,0,0,0,1,0,1,0,0,0,1483.514314409267,257.9700391612809,1483.514314409267,optimal_path_time,257.9700391612809,Weekend_300_0_3
-0.1054466,51.5184715,-0.090008,51.519813,0.015496773606464223,163,2,4,4.705909691566753,10.0,3.178051060318592,300,8.34344454078107,10.0,8.441413992699184,14,2,0,0,0,0,0,0,1,0,0,0,0,1,0,1,0,0,0,1720.790894018235,561.199718709376,1720.790894018235,optimal_path_time,561.199718709376,Weekend_300_1_0
-0.0758517,51.5116527,-0.1045317,51.5114654,0.028680611591979707,203,4,3,4.705909691566753,10.0,3.178051060318592,300,5.512407239392812,10.0,9.221148141100812,14,2,0,0,0,0,0,0,1,0,0,0,0,1,0,1,0,0,0,1410.8121352900114,524.0698321512286,1410.8121352900114,optimal_path_time,524.0698321512286,Weekend_300_1_1
-0.090008,51.519813,-0.0923326,51.5139395,0.006316784578406833,96,4,2,4.705909691566753,10.0,3.178051060318592,300,6.8500644561827295,10.0,7.306387215082387,14,2,0,0,0,0,0,0,1,0,0,0,0,1,0,1,0,0,0,947.4010722531332,181.20356057982605,947.4010722531332,optimal_path_time,181.20356057982605,Weekend_300_1_2
-0.1054466,51.5184715,-0.0968739,51.5168482,0.00872503800450149,147,2,2,4.705909691566753,10.0,3.178051060318592,300,9.927952353336018,10.0,0.3574396294769396,14,2,0,0,0,0,0,0,1,0,0,0,0,1,0,1,0,0,0,1543.9665275770883,257.9700391612809,1543.9665275770883,optimal_path_time,257.9700391612809,Weekend_300_1_3
-0.1054466,51.5184715,-0.090008,51.519813,0.015496773606464223,163,2,4,3.014068875539939,5.0,1.2005231195533979,0,2.9069631944997396,5.0,1.2032564506710708,14,2,0,0,0,0,0,0,0,1,0,0,0,1,0,1,0,0,0,478.1144766853684,561.199718709376,478.1144766853684,astar_time,478.1144766853684,Special_0_0_0
-0.0758517,51.5116527,-0.1045317,51.5114654,0.028680611591979707,203,4,3,3.014068875539939,5.0,1.2005231195533979,0,2.916215706045099,5.0,1.333239758465952,14,2,0,0,0,0,0,0,0,1,0,0,0,1,0,1,0,0,0,616.6416278687669,524.0698321512286,616.6416278687669,optimal_path_time,524.0698321512286,Special_0_0_1
-0.090008,51.519813,-0.0923326,51.5139395,0.006316784578406833,96,4,2,3.014068875539939,5.0,1.2005231195533979,0,2.956470686079407,5.0,1.7757767403698836,14,2,0,0,0,0,0,0,0,1,0,0,0,1,0,1,0,0,0,252.9621619012335,181.20356057982605,252.9621619012335,optimal_path_time,181.20356057982605,Special_0_0_2
-0.1054466,51.5184715,-0.0968739,51.5168482,0.00872503800450149,147,2,2,3.014068875539939,5.0,1.2005231195533979,0,3.078827841939389,5.0,1.3100434895534552,14,2,0,0,0,0,0,0,0,1,0,0,0,1,0,1,0,0,0,338.4988929456189,257.9700391612809,338.4988929456189,optimal_path_time,257.9700391612809,Special_0_0_3
-0.1054466,51.5184715,-0.090008,51.519813,0.015496773606464223,163,2,4,3.025581063256713,5.0,1.2012489218731521,0,3.0345158487256545,5.0,1.4776163019079518,14,2,0,0,0,0,0,0,0,1,0,0,0,1,0,1,0,0,0,439.83249268846566,561.199718709376,439.83249268846566,astar_time,439.83249268846566,Special_0_1_0
-0.0758517,51.5116527,-0.1045317,51.5114654,0.028680611591979707,203,4,3,3.025581063256713,5.0,1.2012489218731521,0,3.075101504945798,5.0,1.2831352811166834,14,2,0,0,0,0,0,0,0,1,0,0,0,1,0,1,0,0,0,641.4488497817981,524.0698321512286,641.4488497817981,optimal_path_time,524.0698321512286,Special_0_1_1
-0.090008,51.519813,-0.0923326,51.5139395,0.006316784578406833,96,4,2,3.025581063256713,5.0,1.2012489218731521,0,3.028318979046305,5.0,1.1433719135220528,14,2,0,0,0,0,0,0,0,1,0,0,0,1,0,1,0,0,0,275.3792596828347,181.20356057982605,275.3792596828347,optimal_path_time,181.20356057982605,Special_0_1_2
-0.1054466,51.5184715,-0.0968739,51.5168482,0.00872503800450149,147,2,2,3.025581063256713,5.0,1.2012489218731521,0,3.0406935108908937,5.0,1.5003541667233,14,2,0,0,0,0,0,0,0,1,0,0,0,1,0,1,0,0,0,321.28593227051726,257.9700391612809,321.28593227051726,optimal_path_time,257.9700391612809,Special_0_1_3
-0.1054466,51.5184715,-0.090008,51.519813,0.015496773606464223,163,2,4,2.704861824018215,8.017101170851456,1.0693573932735296,25,3.605503330495653,6.804275918802743,2.0827014699926427,14,2,0,0,0,0,0,0,0,1,0,0,0,1,0,1,0,0,0,559.7910974129959,561.199718709376,559.7910974129959,astar_time,559.7910974129959,Special_25_0_0
-0.0758517,51.5116527,-0.1045317,51.5114654,0.028680611591979707,203,4,3,2.704861824018215,8.017101170851456,1.0693573932735296,25,2.5722749834407974,4.829515166422255,0.7864930035025192,14,2,0,0,0,0,0,0,0,1,0,0,0,1,0,1,0,0,0,549.4374976900988,524.0698321512286,549.4374976900988,optimal_path_time,524.0698321512286,Special_25_0_1
-0.090008,51.519813,-0.0923326,51.5139395,0.006316784578406833,96,4,2,2.704861824018215,8.017101170851456,1.0693573932735296,25,2.7442596105564068,5.012386011499455,1.0324479924933863,14,2,0,0,0,0,0,0,0,1,0,0,0,1,0,1,0,0,0,226.2226835319988,181.20356057982605,226.2226835319988,optimal_path_time,181.20356057982605,Special_25_0_2
-0.1054466,51.5184715,-0.0968739,51.5168482,0.00872503800450149,147,2,2,2.704861824018215,8.017101170851456,1.0693573932735296,25,4.059193258097371,6.804275918802743,2.053260166751245,14,2,0,0,0,0,0,0,0,1,0,0,0,1,0,1,0,0,0,422.2577977920726,257.9700391612809,422.2577977920726,optimal_path_time,257.9700391612809,Special_25_0_3
-0.1054466,51.5184715,-0.090008,51.519813,0.015496773606464223,163,2,4,2.7427118612008967,10.0,1.1388975789503004,25,3.2807986734577534,6.787354965158981,1.7581444059874647,14,2,0,0,0,0,0,0,0,1,0,0,0,1,0,1,0,0,0,476.0843484331192,561.199718709376,476.0843484331192,astar_time,476.0843484331192,Special_25_1_0
-0.0758517,51.5116527,-0.1045317,51.5114654,0.028680611591979707,203,4,3,2.7427118612008967,10.0,1.1388975789503004,25,2.8911822789528596,7.88184513336,1.1858035359507075,14,2,0,0,0,0,0,0,0,1,0,0,0,1,0,1,0,0,0,589.4945288399092,524.0698321512286,589.4945288399092,optimal_path_time,524.0698321512286,Special_25_1_1
-0.090008,51.519813,-0.0923326,51.5139395,0.006316784578406833,96,4,2,2.7427118612008967,10.0,1.1388975789503004,25,3.602011924837934,7.1501511050099795,2.0494031792392717,14,2,0,0,0,0,0,0,0,1,0,0,0,1,0,1,0,0,0,293.6599988539859,181.20356057982605,293.6599988539859,optimal_path_time,181.20356057982605,Special_25_1_2
-0.1054466,51.5184715,-0.0968739,51.5168482,0.00872503800450149,147,2,2,2.7427118612008967,10.0,1.1388975789503004,25,3.55481927978281,6.787354965158981,1.7592333941716711,14,2,0,0,0,0,0,0,0,1,0,0,0,1,0,1,0,0,0,406.15341234435124,257.9700391612809,406.15341234435124,optimal_path_time,257.9700391612809,Special_25_1_3
-0.1054466,51.5184715,-0.090008,51.519813,0.015496773606464223,163,2,4,2.9679436801588466,10.0,1.4102032702811769,50,5.283727700351953,10.0,6.6135393185099955,14,2,0,0,0,0,0,0,0,1,0,0,0,1,0,1,0,0,0,721.1477220547783,561.199718709376,721.1477220547783,optimal_path_time,561.199718709376,Special_50_0_0
-0.0758517,51.5116527,-0.1045317,51.5114654,0.028680611591979707,203,4,3,2.9679436801588466,10.0,1.4102032702811769,50,2.820721506269303,5.516459498868283,1.0131936140138316,14,2,0,0,0,0,0,0,0,1,0,0,0,1,0,1,0,0,0,711.5978357659592,524.0698321512286,711.5978357659592,optimal_path_time,524.0698321512286,Special_50_0_1
-0.090008,51.519813,-0.0923326,51.5139395,0.006316784578406833,96,4,2,2.9679436801588466,10.0,1.4102032702811769,50,3.504943465479211,8.040725953362351,2.621367241873094,14,2,0,0,0,0,0,0,0,1,0,0,0,1,0,1,0,0,0,299.87890697754716,181.20356057982605,299.87890697754716,optimal_path_time,181.20356057982605,Special_50_0_2
-0.1054466,51.5184715,-0.0968739,51.5168482,0.00872503800450149,147,2,2,2.9679436801588466,10.0,1.4102032702811769,50,6.116006912912791,10.0,5.478662503919091,14,2,0,0,0,0,0,0,0,1,0,0,0,1,0,1,0,0,0,707.7540339138071,257.9700391612809,707.7540339138071,optimal_path_time,257.9700391612809,Special_50_0_3
-0.1054466,51.5184715,-0.090008,51.519813,0.015496773606464223,163,2,4,2.9173381893502257,10.0,1.3130685250924352,50,3.424159931532726,7.841306098248192,2.2704707376970887,14,2,0,0,0,0,0,0,0,1,0,0,0,1,0,1,0,0,0,563.7130962364967,561.199718709376,563.7130962364967,optimal_path_time,561.199718709376,Special_50_1_0
-0.0758517,51.5116527,-0.1045317,51.5114654,0.028680611591979707,203,4,3,2.9173381893502257,10.0,1.3130685250924352,50,3.011445617522266,6.281290418998597,1.3360922861956397,14,2,0,0,0,0,0,0,0,1,0,0,0,1,0,1,0,0,0,669.8540246793915,524.0698321512286,669.8540246793915,optimal_path_time,524.0698321512286,Special_50_1_1
-0.090008,51.519813,-0.0923326,51.5139395,0.006316784578406833,96,4,2,2.9173381893502257,10.0,1.3130685250924352,50,3.5984195535387724,7.089762618831255,2.0336423722090604,14,2,0,0,0,0,0,0,0,1,0,0,0,1,0,1,0,0,0,322.2407792670956,181.20356057982605,322.2407792670956,optimal_path_time,181.20356057982605,Special_50_1_2
-0.1054466,51.5184715,-0.0968739,51.5168482,0.00872503800450149,147,2,2,2.9173381893502257,10.0,1.3130685250924352,50,4.1345046538897945,9.330793697644582,3.3034627324394084,14,2,0,0,0,0,0,0,0,1,0,0,0,1,0,1,0,0,0,478.23595987939063,257.9700391612809,478.23595987939063,optimal_path_time,257.9700391612809,Special_50_1_3
-0.1054466,51.5184715,-0.090008,51.519813,0.015496773606464223,163,2,4,3.4980762735724635,10.0,2.1257029300380816,100,6.317347777050934,10.0,10.383207380971704,14,2,0,0,0,0,0,0,0,1,0,0,0,1,0,1,0,0,0,1111.4028445375516,561.199718709376,1111.4028445375516,optimal_path_time,561.199718709376,Special_100_0_0
-0.0758517,51.5116527,-0.1045317,51.5114654,0.028680611591979707,203,4,3,3.4980762735724635,10.0,2.1257029300380816,100,3.467683586731972,9.81367573582817,3.6569755595209332,14,2,0,0,0,0,0,0,0,1,0,0,0,1,0,1,0,0,0,821.4172864675139,524.0698321512286,821.4172864675139,optimal_path_time,524.0698321512286,Special_100_0_1
-0.090008,51.519813,-0.0923326,51.5139395,0.006316784578406833,96,4,2,3.4980762735724635,10.0,2.1257029300380816,100,5.477883116686757,10.0,6.180456813509435,14,2,0,0,0,0,0,0,0,1,0,0,0,1,0,1,0,0,0,644.6583780981948,181.20356057982605,644.6583780981948,optimal_path_time,181.20356057982605,Special_100_0_2
-0.1054466,51.5184715,-0.0968739,51.5168482,0.00872503800450149,147,2,2,3.4980762735724635,10.0,2.1257029300380816,100,8.129853108436407,10.0,6.717958534519717,14,2,0,0,0,0,0,0,0,1,0,0,0,1,0,1,0,0,0,1070.6730476436849,257.9700391612809,1070.6730476436849,optimal_path_time,257.9700391612809,Special_100_0_3
-0.1054466,51.5184715,-0.090008,51.519813,0.015496773606464223,163,2,4,3.505299648090255,10.0,2.206161780913819,100,6.803468502017001,10.0,10.585996021197069,14,2,0,0,0,0,0,0,0,1,0,0,0,1,0,1,0,0,0,1186.2371585440565,561.199718709376,1186.2371585440565,optimal_path_time,561.199718709376,Special_100_1_0
-0.0758517,51.5116527,-0.1045317,51.5114654,0.028680611591979707,203,4,3,3.505299648090255,10.0,2.206161780913819,100,3.4604590355802896,10.0,3.7660498205967228,14,2,0,0,0,0,0,0,0,1,0,0,0,1,0,1,0,0,0,775.3973898190878,524.0698321512286,775.3973898190878,optimal_path_time,524.0698321512286,Special_100_1_1
-0.090008,51.519813,-0.0923326,51.5139395,0.006316784578406833,96,4,2,3.505299648090255,10.0,2.206161780913819,100,4.38486865683925,10.0,4.7927464390608,14,2,0,0,0,0,0,0,0,1,0,0,0,1,0,1,0,0,0,449.27997185201815,181.20356057982605,449.27997185201815,optimal_path_time,181.20356057982605,Special_100_1_2
-0.1054466,51.5184715,-0.0968739,51.5168482,0.00872503800450149,147,2,2,3.505299648090255,10.0,2.206161780913819,100,8.52893991173176,10.0,5.9902370138197325,14,2,0,0,0,0,0,0,0,1,0,0,0,1,0,1,0,0,0,1103.4207442022537,257.9700391612809,1103.4207442022537,optimal_path_time,257.9700391612809,Special_100_1_3
-0.1054466,51.5184715,-0.090008,51.519813,0.015496773606464223,163,2,4,3.9236989929138666,10.0,2.6544715906518044,150,7.34236013554327,10.0,10.558905986919902,14,2,0,0,0,0,0,0,0,1,0,0,0,1,0,1,0,0,0,1380.8946870120542,561.199718709376,1380.8946870120542,optimal_path_time,561.199718709376,Special_150_0_0
-0.0758517,51.5116527,-0.1045317,51.5114654,0.028680611591979707,203,4,3,3.9236989929138666,10.0,2.6544715906518044,150,4.244973666371864,10.0,7.9786638611259235,14,2,0,0,0,0,0,0,0,1,0,0,0,1,0,1,0,0,0,961.930453271568,524.0698321512286,961.930453271568,optimal_path_time,524.0698321512286,Special_150_0_1
-0.090008,51.519813,-0.0923326,51.5139395,0.006316784578406833,96,4,2,3.9236989929138666,10.0,2.6544715906518044,150,6.119582512801862,10.0,7.945963161769841,14,2,0,0,0,0,0,0,0,1,0,0,0,1,0,1,0,0,0,774.6086812557456,181.20356057982605,774.6086812557456,optimal_path_time,181.20356057982605,Special_150_0_2
-0.1054466,51.5184715,-0.0968739,51.5168482,0.00872503800450149,147,2,2,3.9236989929138666,10.0,2.6544715906518044,150,9.08599994490955,10.0,4.199979206439226,14,2,0,0,0,0,0,0,0,1,0,0,0,1,0,1,0,0,0,1335.7075486392728,257.9700391612809,1335.7075486392728,optimal_path_time,257.9700391612809,Special_150_0_3
-0.1054466,51.5184715,-0.090008,51.519813,0.015496773606464223,163,2,4,3.9398725242209185,10.0,2.7222793849674027,150,7.14695000046018,10.0,10.978900567230696,14,2,0,0,0,0,0,0,0,1,0,0,0,1,0,1,0,0,0,1367.8804247901464,561.199718709376,1367.8804247901464,optimal_path_time,561.199718709376,Special_150_1_0
-0.0758517,51.5116527,-0.1045317,51.5114654,0.028680611591979707,203,4,3,3.9398725242209185,10.0,2.7222793849674027,150,3.9759539488833577,10.0,6.270989079751051,14,2,0,0,0,0,0,0,0,1,0,0,0,1,0,1,0,0,0,908.5745656995166,524.0698321512286,908.5745656995166,optimal_path_time,524.0698321512286,Special_150_1_1
-0.090008,51.519813,-0.0923326,51.5139395,0.006316784578406833,96,4,2,3.9398725242209185,10.0,2.7222793849674027,150,6.432550666484004,10.0,8.420705642972319,14,2,0,0,0,0,0,0,0,1,0,0,0,1,0,1,0,0,0,865.7273170493938,181.20356057982605,865.7273170493938,optimal_path_time,181.20356057982605,Special_150_1_2
-0.1054466,51.5184715,-0.0968739,51.5168482,0.00872503800450149,147,2,2,3.9398725242209185,10.0,2.7222793849674027,150,8.960047601472256,10.0,4.659614977520803,14,2,0,0,0,0,0,0,0,1,0,0,0,1,0,1,0,0,0,1185.55047571789,257.9700391612809,1185.55047571789,optimal_path_time,257.9700391612809,Special_150_1_3
-0.1054466,51.5184715,-0.090008,51.519813,0.015496773606464223,163,2,4,4.3377901138143375,10.0,2.941448798977525,200,8.077667197530108,10.0,9.826067792980721,14,2,0,0,0,0,0,0,0,1,0,0,0,1,0,1,0,0,0,1550.4009064512784,561.199718709376,1550.4009064512784,optimal_path_time,561.199718709376,Special_200_0_0
-0.0758517,51.5116527,-0.1045317,51.5114654,0.028680611591979707,203,4,3,4.3377901138143375,10.0,2.941448798977525,200,4.505388792317883,10.0,7.713920801403662,14,2,0,0,0,0,0,0,0,1,0,0,0,1,0,1,0,0,0,1123.8732147407072,524.0698321512286,1123.8732147407072,optimal_path_time,524.0698321512286,Special_200_0_1
-0.090008,51.519813,-0.0923326,51.5139395,0.006316784578406833,96,4,2,4.3377901138143375,10.0,2.941448798977525,200,6.576793279227949,10.0,7.534441446183486,14,2,0,0,0,0,0,0,0,1,0,0,0,1,0,1,0,0,0,872.7678573352175,181.20356057982605,872.7678573352175,optimal_path_time,181.20356057982605,Special_200_0_2
-0.1054466,51.5184715,-0.0968739,51.5168482,0.00872503800450149,147,2,2,4.3377901138143375,10.0,2.941448798977525,200,9.895459553676647,10.0,0.5484960982609981,14,2,0,0,0,0,0,0,0,1,0,0,0,1,0,1,0,0,0,1482.5920234072714,257.9700391612809,1482.5920234072714,optimal_path_time,257.9700391612809,Special_200_0_3
-0.1054466,51.5184715,-0.090008,51.519813,0.015496773606464223,163,2,4,4.226559545040437,10.0,2.864910790453873,200,7.620439428503851,10.0,10.306329645312411,14,2,0,0,0,0,0,0,0,1,0,0,0,1,0,1,0,0,0,1416.6183132544318,561.199718709376,1416.6183132544318,optimal_path_time,561.199718709376,Special_200_1_0
-0.0758517,51.5116527,-0.1045317,51.5114654,0.028680611591979707,203,4,3,4.226559545040437,10.0,2.864910790453873,200,4.3129600371983186,10.0,7.922384983416179,14,2,0,0,0,0,0,0,0,1,0,0,0,1,0,1,0,0,0,1108.0143430289559,524.0698321512286,1108.0143430289559,optimal_path_time,524.0698321512286,Special_200_1_1
-0.090008,51.519813,-0.0923326,51.5139395,0.006316784578406833,96,4,2,4.226559545040437,10.0,2.864910790453873,200,7.410036651682896,10.0,7.613101485209557,14,2,0,0,0,0,0,0,0,1,0,0,0,1,0,1,0,0,0,1030.3967394075287,181.20356057982605,1030.3967394075287,optimal_path_time,181.20356057982605,Special_200_1_2
-0.1054466,51.5184715,-0.0968739,51.5168482,0.00872503800450149,147,2,2,4.226559545040437,10.0,2.864910790453873,200,9.476542213765919,10.0,2.264774869769004,14,2,0,0,0,0,0,0,0,1,0,0,0,1,0,1,0,0,0,1424.9238287197775,257.9700391612809,1424.9238287197775,optimal_path_time,257.9700391612809,Special_200_1_3
-0.1054466,51.5184715,-0.090008,51.519813,0.015496773606464223,163,2,4,4.628295157665369,10.0,3.15702159583914,300,8.239107891333267,10.0,9.173291003089066,14,2,0,0,0,0,0,0,0,1,0,0,0,1,0,1,0,0,0,1610.4950881107018,561.199718709376,1610.4950881107018,optimal_path_time,561.199718709376,Special_300_0_0
-0.0758517,51.5116527,-0.1045317,51.5114654,0.028680611591979707,203,4,3,4.628295157665369,10.0,3.15702159583914,300,5.18403196917995,10.0,9.680146839353528,14,2,0,0,0,0,0,0,0,1,0,0,0,1,0,1,0,0,0,1353.256264042387,524.0698321512286,1353.256264042387,optimal_path_time,524.0698321512286,Special_300_0_1
-0.090008,51.519813,-0.0923326,51.5139395,0.006316784578406833,96,4,2,4.628295157665369,10.0,3.15702159583914,300,7.75899626431191,10.0,6.6949772504327445,14,2,0,0,0,0,0,0,0,1,0,0,0,1,0,1,0,0,0,1092.680577225275,181.20356057982605,1092.680577225275,optimal_path_time,181.20356057982605,Special_300_0_2
-0.1054466,51.5184715,-0.0968739,51.5168482,0.00872503800450149,147,2,2,4.628295157665369,10.0,3.15702159583914,300,9.989386347674055,10.0,0.016334194275925553,14,2,0,0,0,0,0,0,0,1,0,0,0,1,0,1,0,0,0,1483.8937627165299,257.9700391612809,1483.8937627165299,optimal_path_time,257.9700391612809,Special_300_0_3
-0.1054466,51.5184715,-0.090008,51.519813,0.015496773606464223,163,2,4,4.776239932275964,10.0,3.225131497205628,300,7.9617192670674175,10.0,10.421918374488692,14,2,0,0,0,0,0,0,0,1,0,0,0,1,0,1,0,0,0,1541.7519610713098,561.199718709376,1541.7519610713098,optimal_path_time,561.199718709376,Special_300_1_0
-0.0758517,51.5116527,-0.1045317,51.5114654,0.028680611591979707,203,4,3,4.776239932275964,10.0,3.225131497205628,300,5.389689145372375,10.0,9.695325076528814,14,2,0,0,0,0,0,0,0,1,0,0,0,1,0,1,0,0,0,1592.3564406455248,524.0698321512286,1592.3564406455248,optimal_path_time,524.0698321512286,Special_300_1_1
-0.090008,51.519813,-0.0923326,51.5139395,0.006316784578406833,96,4,2,4.776239932275964,10.0,3.225131497205628,300,8.612015196749564,10.0,4.756131839788273,14,2,0,0,0,0,0,0,0,1,0,0,0,1,0,1,0,0,0,1349.959597061738,181.20356057982605,1349.959597061738,optimal_path_time,181.20356057982605,Special_300_1_2
-0.1054466,51.5184715,-0.0968739,51.5168482,0.00872503800450149,147,2,2,4.776239932275964,10.0,3.225131497205628,300,9.959255801858486,10.0,0.13599970826411675,14,2,0,0,0,0,0,0,0,1,0,0,0,1,0,1,0,0,0,1535.0161038358458,257.9700391612809,1535.0161038358458,optimal_path_time,257.9700391612809,Special_300_1_3
